Species,its_sequence,nuclsu_sequence,mtssu_sequence,nucssu_sequence
Abrothallus bertianus,NA,NA,NA,NA
Abrothallus caerulescens,NA,NA,NA,NA
Abrothallus cetrariae,NA,NA,NA,NA
Abrothallus cladoniae,NA,NA,NA,NA
Abrothallus lobariae,NA,NA,NA,NA
Abrothallus microspermus,NA,NA,NA,NA
Abrothallus parmeliarum,NA,NA,NA,NA
Abrothallus parmotrematis,NA,NA,NA,NA
Abrothallus prodiens,NA,NA,NA,NA
Abrothallus suecicus,2,NA,NA,NA
Abrothallus usneae,NA,NA,NA,NA
Abrothallus welwitschii,1,NA,NA,NA
Absconditella annexa,NA,NA,NA,NA
Absconditella celata,13,3,2,NA
Absconditella delutula,NA,NA,NA,NA
Absconditella lignicola,41,7,4,NA
Absconditella pauxilla,NA,1,3,NA
Absconditella trivialis,NA,1,1,NA
Acarospora admissa,NA,12,8,NA
Acarospora badiofusca,1,8,3,4
Acarospora cervina,21,5,1,3
Acarospora fusca,59,2,NA,2
Acarospora fuscata,20,26,16,4
Acarospora glaucocarpa,4,16,10,6
Acarospora impressula,2,8,3,3
Acarospora macrospora,63,12,6,4
Acarospora moenium,31,6,NA,4
Acarospora nitrophila,12,12,10,NA
Acarospora privigna,200,17,4,11
Acarospora sinopica,7,6,5,NA
Acarospora smaragdula,NA,NA,NA,NA
Acarospora subfuscescens,200,18,1,17
Acarospora subrufula,NA,NA,NA,NA
Acarospora umbilicata,NA,NA,NA,NA
Acarospora veronensis,NA,1,1,NA
Acarospora versicolor,NA,NA,NA,NA
Acolium inquinans,13,5,1,2
Acolium marcianum,NA,NA,NA,NA
Acolium sessile,1,1,NA,NA
Acremonium lichenicola,NA,NA,NA,NA
Acremonium rhabdosporum,NA,NA,NA,NA
Acrocordia cavata,1,NA,1,NA
Acrocordia conoidea,NA,NA,NA,NA
Acrocordia gemmata,1,1,4,NA
Acrocordia macrospora,NA,NA,NA,NA
Acrocordia salweyi,NA,NA,NA,NA
Acrocordia subglobosa,NA,1,1,1
Actinocladium rhodosporum,NA,NA,NA,NA
Adelococcus alpestris,NA,NA,NA,NA
Adelococcus interlatens,NA,NA,NA,NA
Adelolechia pilati,NA,NA,NA,NA
Adelolecia pilati,NA,1,NA,NA
Agonimia allobata,19,7,7,5
Agonimia flabelliformis,31,6,3,5
Agonimia gelatinosa,NA,1,1,NA
Agonimia globulifera,NA,NA,NA,NA
Agonimia octospora,NA,NA,NA,NA
Agonimia opuntiella,1,1,2,NA
Agonimia repleta,12,5,3,2
Agonimia tristicula,2,4,4,NA
Agyrium rufum,1,NA,NA,NA
Ainoa mooreana,1,1,1,2
Alectoria nigricans,3,4,NA,3
Alectoria ochroleuca,4,4,3,2
Alectoria sarmentosa,7,6,4,1
Allantoparmelia alpicola,10,3,NA,3
Alloarthopyrenia italica,3,1,5,1
Allographa anomala,NA,NA,NA,NA
Allographa pauciloculata,NA,NA,NA,NA
Alyxoria culmigena,NA,NA,NA,NA
Alyxoria mougeotii,NA,NA,NA,NA
Alyxoria ochrocheila,NA,NA,4,NA
Alyxoria paraxanthodes,NA,NA,NA,NA
Alyxoria subelevata,NA,NA,NA,NA
Alyxoria varia,1,1,6,NA
Alyxoria viridipruinosa,NA,NA,NA,NA
Alyxoria xerica,NA,NA,NA,NA
Amandinea coniops,NA,NA,NA,NA
Amandinea pelidna,1,NA,NA,NA
Amandinea punctata,200,5,6,1
Ameliella andreaeicola,NA,NA,NA,NA
Ameliella grisea,NA,NA,NA,NA
Amygdalaria consentiens,NA,NA,1,NA
Amygdalaria pelobotryon,NA,NA,1,NA
Anaptychia ciliaris,56,15,5,11
Anaptychia mamillata,NA,NA,NA,NA
Anaptychia runcinata,12,3,1,2
Andreiomyces obtusaticus,2,NA,6,NA
Anisomeridium biforme,2,2,2,NA
Anisomeridium macropycnidiatum,NA,NA,NA,NA
Anisomeridium polypori,13,4,3,NA
Anisomeridium ranunculosporum,NA,NA,NA,NA
Anisomeridium robustum,NA,NA,NA,NA
Anisomeridium viridescens,NA,NA,NA,NA
Antennulariella lichenisata,NA,NA,NA,NA
Aphanopsis coenosa,NA,2,1,NA
Aquacida antricola,NA,NA,NA,NA
Aquacidia antricola,NA,NA,1,NA
Aquacidia trachona,1,1,2,NA
Aquacidia viridifarinosa,NA,NA,NA,NA
Arctomia delicatula,NA,1,1,NA
Arctoparmelia incurva,10,6,1,3
Arrhenia griseopallida,NA,6,NA,NA
Arrhenia peltigerina,29,2,NA,NA
Arthonia almquistii,NA,NA,NA,NA
Arthonia amylospora,NA,NA,NA,NA
Arthonia anglica,NA,NA,NA,NA
Arthonia apatetica,3,2,2,NA
Arthonia apotheciorum,NA,NA,NA,NA
Arthonia arthonioides,NA,NA,NA,NA
Arthonia atra,NA,NA,2,NA
arthonia atra,NA,NA,NA,NA
Arthonia caerulescens,NA,NA,NA,NA
Arthonia calcarea,NA,NA,NA,NA
Arthonia cohabitans,NA,NA,NA,NA
Arthonia colombiana,NA,NA,NA,NA
Arthonia coronata,NA,NA,NA,NA
Arthonia destruens,NA,NA,NA,NA
Arthonia dictyospora;,NA,NA,NA,NA
Arthonia didyma,85,3,2,NA
Arthonia digitatae,NA,NA,NA,NA
Arthonia diploiciae,NA,NA,NA,NA
Arthonia epimela,NA,NA,NA,NA
Arthonia epiphyscia,NA,NA,NA,NA
Arthonia excipienda,NA,NA,NA,NA
Arthonia fusca,NA,NA,NA,NA
Arthonia fuscopurpurea,NA,NA,NA,NA
Arthonia galactites,NA,NA,NA,NA
Arthonia gelidae,NA,NA,NA,NA
Arthonia granitophila,NA,NA,NA,NA
Arthonia graphidicola,NA,NA,NA,NA
Arthonia ilicina,NA,NA,NA,NA
Arthonia ilicinella,NA,NA,NA,NA
Arthonia intexta,NA,NA,NA,NA
Arthonia invadens,NA,NA,NA,NA
Arthonia lecanoricola,NA,NA,NA,NA
Arthonia lepidophila,NA,NA,NA,NA
Arthonia ligniaria,NA,NA,NA,NA
Arthonia ligniariella,NA,NA,NA,NA
Arthonia mediella,8,5,2,NA
Arthonia meridionalis,NA,NA,NA,NA
Arthonia molendoi,NA,1,1,NA
Arthonia neglectula,NA,NA,NA,NA
Arthonia pannariae,NA,NA,NA,NA
Arthonia parietinaria,NA,1,1,NA
Arthonia patellulata,21,NA,NA,NA
Arthonia peltigerea,NA,NA,NA,NA
Arthonia phaeobaea,1,1,NA,NA
Arthonia phaeophysciae,NA,NA,NA,NA
Arthonia protoparmeliae,NA,NA,NA,NA
Arthonia protoparmeliopsidis,NA,NA,NA,NA
Arthonia punctella,NA,NA,NA,NA
Arthonia punctilliformis,NA,NA,NA,NA
Arthonia radiata,1,1,2,NA
Arthonia reniformis,NA,NA,NA,NA
Arthonia sampaianae,NA,NA,NA,NA
Arthonia stellaris,NA,NA,NA,NA
Arthonia stereocaulina,NA,NA,NA,NA
Arthonia subfuscicola,NA,NA,NA,NA
Arthonia thelotrematis,NA,NA,NA,NA
Arthonia thoriana,NA,NA,9,NA
Arthonia varians,NA,NA,NA,NA
Arthonia vinosa,NA,2,3,NA
Arthophacopsis parmeliarum,NA,NA,NA,NA
Arthopyrenia allogena,NA,NA,NA,NA
Arthopyrenia analepta,1,NA,3,NA
Arthopyrenia cerasi,2,1,2,NA
Arthopyrenia desistens,NA,NA,NA,NA
Arthopyrenia platypyrenia,NA,NA,NA,NA
Arthopyrenia rhyponta,NA,NA,NA,NA
Arthopyrenia salicis,19,9,3,NA
Arthopyrenia subcerasi,1,1,NA,NA
Arthothelium dictyosporum,NA,NA,NA,NA
Arthothelium lirellans,NA,NA,NA,NA
Arthothelium macounii,NA,NA,NA,NA
Arthothelium norvegicum,NA,NA,NA,NA
Arthothelium orbilliferum,NA,NA,2,NA
Arthothelium ruanum,NA,NA,5,NA
Arthrorhaphis aeruginosa,5,4,1,NA
Arthrorhaphis alpina,9,42,13,NA
Arthrorhaphis citrinella,6,27,13,NA
Arthrorhaphis grisea,3,14,6,NA
Arthrorhaphis muddii,NA,5,2,NA
Arthrorhaphis vacillans,NA,7,5,NA
Ascodichaena rugosa,NA,NA,NA,NA
Aspergillus glaucus,NA,5,NA,1
Aspicilia aquatica,NA,3,NA,3
Aspicilia cinerea,3,7,4,11
Aspicilia cupreogrisea,NA,NA,NA,NA
Aspicilia epiglypta,15,6,3,4
Aspicilia granulosa,1,NA,NA,1
Aspicilia grisea,NA,NA,NA,NA
Aspicilia laevata,3,4,3,1
Aspicilia subdepressa,NA,NA,NA,1
Aspiciliella intermutans,31,51,18,NA
Athelia arachnoidea,200,23,NA,3
Atla alpina,6,5,NA,4
Atla wheldonii,2,1,NA,1
Bachmanniomyces punctum,5,13,NA,14
Bachmanniomyces varius,NA,NA,NA,NA
Bacidia absistens,3,1,2,NA
Bacidia arceutina,17,6,5,NA
Bacidia assulata,NA,NA,NA,NA
Bacidia beckhausii,NA,NA,NA,NA
Bacidia biatorina,4,3,5,NA
Bacidia caesiovirens,NA,NA,NA,NA
Bacidia endoleucoides,NA,NA,NA,NA
Bacidia friesiana,NA,NA,NA,NA
Bacidia fuscoviridis,NA,NA,NA,NA
Bacidia herbarum,2,NA,NA,NA
Bacidia igniarii,1,NA,1,NA
Bacidia killiasii,NA,NA,NA,NA
Bacidia laurocerasi,3,1,5,NA
Bacidia polychroa,7,7,8,NA
Bacidia rubella,6,8,12,1
Bacidia scopulicola,1,1,1,NA
Bacidia sipmanii,NA,2,1,NA
Bacidia subturgidula,NA,NA,NA,NA
Bacidina adastra,7,3,1,NA
Bacidina arnoldiana,23,15,4,11
Bacidina assulata,200,7,7,1
Bacidina brandii,7,NA,NA,NA
Bacidina caerulea,1,NA,NA,NA
Bacidina caligans,1,1,NA,1
Bacidina celtica,NA,NA,NA,NA
Bacidina chloroticula,200,2,3,NA
Bacidina circumpallens,16,NA,NA,NA
Bacidina delicata,2,2,2,NA
Bacidina egenula,2,2,2,NA
Bacidina flavoleprosa,1,2,NA,1
Bacidina friesiana,1,1,NA,NA
Bacidina indigens,NA,NA,NA,NA
Bacidina inundata,1,NA,1,NA
Bacidina modesta,20,3,5,3
Bacidina neosquamulosa,200,3,2,NA
Bacidina phacodes,6,3,3,NA
Bacidina saxenii,NA,NA,NA,NA
Bacidina squamellosa,NA,NA,NA,NA
Bacidina subfuscula,NA,NA,NA,NA
Bactrospora corticola,6,3,NA,NA
Bactrospora dryina,1,5,1,NA
Bactrospora homalotropa,NA,1,1,NA
Baeomyces carneus,8,NA,NA,NA
Baeomyces placophyllus,50,2,NA,NA
Baeomyces rufus,26,7,2,NA
Bagliettoa baldensis,NA,1,NA,3
Bagliettoa calciseda,9,2,NA,NA
Bagliettoa parmigera,6,NA,NA,NA
Bagliettoa parmigerella,NA,NA,NA,NA
Bagliettoa steineri,NA,NA,NA,NA
Bagliettoa suzaeana,NA,NA,NA,NA
Bastenia crenularia,NA,NA,NA,NA
Bellamyces quercus,200,1,NA,NA
Bellemerea alpina,NA,NA,NA,NA
Bellemerea cinereorufescens,NA,NA,NA,NA
Bellicidia incompta,3,2,3,NA
Belonia calcicola,NA,NA,NA,NA
Belonia incarnata,NA,NA,NA,NA
Belonia russula,1,2,1,NA
Biatora beckhausii,3,4,4,NA
Biatora britannica,NA,NA,NA,NA
Biatora chrysantha,57,5,4,1
Biatora cuprea,1,NA,NA,NA
Biatora efflorescens,200,3,3,2
Biatora globulosa,143,3,2,NA
Biatora helvola,17,NA,NA,NA
Biatora ligni-mollis,2,1,2,NA
Biatora ocelliformis,11,4,NA,2
Biatora subduplex,12,2,1,1
Biatora vernalis,6,NA,1,NA
Biatora veteranorum,4,3,4,NA
Biatorella fossarum,NA,NA,NA,NA
Biatorella hemisphaerica,NA,NA,NA,NA
Biatoridium delitescens,1,1,2,NA
Biatoridium monasteriense,7,1,4,NA
Biatoropsis hafellneri,NA,NA,NA,NA
Biatoropsis usnearum,NA,NA,NA,NA
Bibbya subcircumspecta,NA,NA,NA,NA
Bibbya vermifera,NA,5,2,1
Bilimbia lobulata,8,5,NA,NA
Bilimbia microcarpa,NA,NA,NA,NA
Bilimbia sabuletorum,18,7,4,NA
Blastenia coralliza,15,1,2,NA
Blastenia crenularia,13,12,3,8
Blastenia ferruginea,4,NA,NA,NA
Blastenia herbidella,14,NA,NA,NA
Blastenia lauri,1,NA,NA,NA
Blennothallia crispa,NA,1,1,NA
Botryolepraria lesdainii,2,4,NA,2
Brianaria bauschiana,NA,NA,NA,NA
Brianaria lutulata,2,NA,NA,NA
Brianaria sylvicola,3,NA,NA,NA
Brianaria tuberculata,8,1,NA,NA
Briancoppinsia cytospora,NA,NA,NA,NA
Brigantiaea fuscolutea,NA,NA,NA,NA
Brodoa intestiniformis,10,5,1,NA
Bryobilimbia ahlesii,NA,NA,NA,NA
Bryobilimbia hypnorum,28,2,NA,NA
Bryobilimbia sanguineoatra,2,1,2,NA
Bryocaulon divergens,2,NA,NA,NA
Bryonora curvescens,NA,1,2,NA
Bryoria bicolor,15,10,5,2
Bryoria capillaris,6,17,1,14
Bryoria chalybeiformis,NA,NA,NA,NA
Bryoria furcellata,9,6,3,1
Bryoria fuscescens,9,21,4,58
Bryoria implexa,11,18,6,16
Bryoria lanestris,NA,NA,NA,NA
Bryoria nadvornikiana,83,8,4,NA
Bryoria nitidula,1,1,1,2
Bryoria smithii,5,3,1,NA
Bryoria subcana,4,NA,1,NA
Bryoria tenuis,1,1,3,1
Bryoria vrangiana,5,NA,NA,NA
Bryostigma lapidicola,4,3,2,NA
Buellia abstracta,NA,NA,NA,NA
Buellia adjuncta,NA,NA,NA,NA
Buellia aethalea,3,NA,2,1
Buellia arborea,74,3,4,1
Buellia arnoldii,2,1,NA,NA
Buellia asterella,4,NA,NA,NA
Buellia disciformis,26,4,1,1
Buellia erubescens,8,1,3,NA
Buellia geophila,NA,NA,NA,NA
Buellia griseovirens,22,5,7,NA
Buellia hyperbolica,2,1,2,NA
Buellia jugorum,NA,NA,NA,NA
Buellia leptocline,NA,NA,NA,NA
Buellia leptoclinoides,NA,NA,NA,NA
Buellia lyperiza,NA,NA,NA,NA
Buellia ocellata,NA,1,1,NA
Buellia pulverea,NA,NA,NA,NA
Buellia sanguinolenta,NA,NA,NA,NA
Buellia saxorum,NA,NA,NA,NA
Buellia schaereri,3,2,4,NA
Buellia sequax,NA,NA,NA,NA
Buellia stellulata,NA,NA,NA,NA
Buellia subdisciformis,2,NA,NA,NA
Buellia tomnashiana,NA,NA,NA,NA
Buellia uberior,NA,NA,NA,NA
Buellia violaceofusca,NA,4,5,NA
Buelliella physciicola,NA,2,2,NA
Bulgaria inquinans,NA,NA,NA,NA
Bunodophoron melanocarpum,7,4,NA,1
Burgellopsis nivea,2,5,NA,NA
Burgoa angulosa,NA,2,1,1
Burgoa moriformis,NA,1,NA,NA
Byssoloma diederichii,1,1,2,NA
Byssoloma leucoblepharum,1,NA,1,NA
Byssoloma llimonae,1,NA,NA,NA
Byssoloma maderense,NA,NA,NA,NA
Byssoloma marginatum,NA,NA,NA,NA
Byssoloma subdiscordans,NA,NA,NA,NA
Caeruleum heppii,NA,2,2,NA
Calicium abietinum,2,NA,1,NA
Calicium adspersum,6,5,NA,NA
Calicium corynellum,NA,NA,NA,NA
Calicium diploellum,NA,NA,NA,NA
Calicium glaucellum,10,3,4,2
Calicium hyperelloides,NA,NA,NA,NA
Calicium inquinans,NA,NA,NA,NA
Calicium lenticulare,1,1,NA,NA
Calicium notarisii,4,NA,1,1
Calicium parvum,25,2,4,NA
Calicium pinastri,74,3,5,1
Calicium quercinum,3,NA,NA,1
Calicium salicinum,4,2,4,1
Calicium tigillare,3,NA,1,2
Calicium trabinellum,25,1,NA,1
Calicium trachylioides,NA,NA,NA,NA
Calicium victorianum,1,NA,NA,NA
Calicium viride,19,10,3,2
Callome multipartita,2,2,1,NA
Caloplaca ahtii,1,NA,NA,NA
Caloplaca albolutescens,7,3,1,NA
Caloplaca alociza,8,6,5,1
Caloplaca alstrupii,1,1,2,NA
Caloplaca approximata,2,1,1,NA
Caloplaca aractina,5,1,1,NA
Caloplaca arcis,1,NA,NA,5
Caloplaca arenaria,1,NA,NA,NA
Caloplaca arnoldii,NA,5,1,2
Caloplaca asserigena,2,NA,1,NA
Caloplaca atroflava,28,4,5,1
Caloplaca aurantia,NA,2,2,NA
Caloplaca austrocitrina,1,NA,NA,9
Caloplaca borreri,NA,NA,NA,NA
Caloplaca britannica,NA,NA,NA,NA
Caloplaca caesiorufella,NA,NA,NA,NA
Caloplaca calcitrapa,NA,NA,NA,1
Caloplaca ceracea,1,2,NA,2
Caloplaca cerina,59,6,4,15
Caloplaca cerinella,200,3,NA,3
Caloplaca cerinelloides,6,4,2,1
Caloplaca chalybaea,4,5,3,2
Caloplaca chlorina,13,15,9,17
Caloplaca chrysodeta,4,1,2,NA
Caloplaca chrysophthalma,6,1,3,1
Caloplaca cinnamomea,NA,1,1,1
Caloplaca cirrochroa,8,3,NA,NA
Caloplaca citrina,2,2,2,1
Caloplaca concilians,NA,NA,NA,NA
Caloplaca coronata,NA,NA,NA,NA
Caloplaca crenulatella,13,1,1,1
Caloplaca dalmatica,NA,1,NA,NA
Caloplaca decipiens,2,5,1,1
Caloplaca demissa,6,4,3,NA
Caloplaca dichroa,1,NA,NA,4
Caloplaca diffusa,5,NA,NA,NA
Caloplaca flavescens,1,4,1,1
Caloplaca flavocitrina,5,7,6,7
Caloplaca flavorubescens,2,1,2,NA
Caloplaca flavovirescens,NA,2,1,1
Caloplaca granulosa,NA,NA,NA,NA
Caloplaca haematites,16,1,2,NA
Caloplaca holocarpa,2,4,2,3
Caloplaca irrubescens,NA,NA,NA,NA
Caloplaca itiana,NA,NA,NA,NA
Caloplaca limonia,NA,1,NA,6
Caloplaca littorea,NA,NA,NA,NA
Caloplaca lucifuga,4,2,4,NA
Caloplaca luteoalba,4,3,3,1
Caloplaca marina,2,4,2,3
Caloplaca maritima,NA,1,1,2
Caloplaca marmorata,2,4,NA,3
Caloplaca microthallina,2,1,1,4
Caloplaca monacensis,64,15,2,13
Caloplaca neotaurica,6,NA,NA,NA
Caloplaca nivalis,NA,NA,NA,NA
Caloplaca oasis,NA,3,2,NA
Caloplaca obliterans,1,2,2,NA
Caloplaca obscurella,29,3,2,NA
Caloplaca obsscurella,NA,NA,NA,NA
Caloplaca ochracea,5,3,2,3
Caloplaca phlogina,2,4,3,1
Caloplaca pollinii,4,NA,NA,NA
Caloplaca polycarpa,NA,NA,NA,NA
Caloplaca pyracea,145,5,3,4
Caloplaca ruderum,NA,NA,NA,NA
Caloplaca saxicola,NA,NA,NA,NA
Caloplaca scopularis,NA,3,2,2
Caloplaca sol,NA,NA,NA,NA
Caloplaca soralifera,9,NA,NA,NA
Caloplaca sorediella,2,NA,NA,NA
Caloplaca stillicidiorum,26,12,2,33
Caloplaca suaedae,5,2,2,2
Caloplaca teicholyta,1,2,3,NA
Caloplaca thallincola,2,4,2,3
Caloplaca turkuensis,11,6,5,5
Caloplaca ulcerosa,2,NA,1,NA
Caloplaca variabilis,4,NA,NA,1
Caloplaca verruculifera,3,6,3,3
Caloplaca virescens,NA,NA,NA,NA
Caloplaca vitellinula,NA,NA,NA,NA
Caloplaca xantholyta,2,3,2,1
Calvitimela aglaea,6,16,1,NA
Calvitimela armeniaca,8,17,NA,2
Calycina alstrupii,2,NA,NA,NA
Candelaria concolor,200,11,3,NA
Candelaria pacifica,36,3,NA,NA
Candelariella arctica,1,NA,NA,NA
Candelariella aurella,123,3,2,NA
Candelariella coralliza,6,4,1,NA
Candelariella medians,2,NA,NA,NA
Candelariella reflexa,21,1,2,NA
Candelariella superdistans,NA,NA,NA,NA
Candelariella vitellina,40,6,1,1
Candelariella xanthostigma,56,2,1,NA
Candelariella xanthostigmoides,200,1,1,NA
Capronia hypotrachynae,NA,NA,NA,NA
Capronia normandinae,NA,NA,NA,NA
Carbonea aggregantula,NA,NA,NA,NA
Carbonea assimilis,NA,NA,NA,NA
Carbonea supersparsa,NA,NA,NA,NA
Carbonea vitellinaria,NA,NA,NA,NA
Carbonea vorticosa,3,NA,NA,NA
Carbonicola anthracophila,5,4,6,NA
Catapyrenium cinereum,2,1,1,NA
Catapyrenium daedaleum,NA,NA,NA,NA
Catapyrenium psoromoides,NA,NA,NA,NA
Catillaria aphana,1,1,NA,NA
Catillaria atomarioides,NA,NA,NA,NA
Catillaria baliola,NA,4,1,NA
Catillaria chalybeia,7,NA,NA,NA
Catillaria erysiboides,1,NA,NA,NA
Catillaria flexuosa,2,3,NA,NA
Catillaria fungoides,7,2,3,NA
Catillaria gilbertii,NA,NA,NA,NA
Catillaria lenticularis,NA,3,NA,1
Catillaria lobariicola,NA,NA,NA,NA
Catillaria minuta,NA,NA,NA,NA
Catillaria modesta,NA,NA,NA,NA
Catillaria nigroclavata,200,2,1,NA
Catillaria picila,NA,NA,NA,NA
Catillaria scotinodes,4,3,1,NA
Catillaria stereocaulorum,NA,NA,NA,NA
Catillaria subviridis,NA,NA,NA,NA
Catillaria usneicola,NA,NA,NA,NA
Catinaria atropurpurea,2,4,7,NA
Catinaria isidioides,NA,NA,NA,NA
Catinaria neuschildii,1,1,NA,NA
Catinaria papillosa,NA,NA,NA,NA
Catolechia wahlenbergii,NA,NA,1,NA
Cecidonia umbonella,NA,NA,NA,NA
Cecidonia xenophana,NA,NA,NA,NA
Celothelium ischnobelum,4,2,2,NA
Ceratobasidium bulbillifaciens,72,5,NA,NA
Cercidospora caudata,NA,NA,NA,NA
Cercidospora cladoniicola,NA,NA,NA,NA
Cercidospora decolorella,NA,NA,NA,NA
Cercidospora epipolytropa,NA,NA,NA,NA
Cercidospora macrospora,NA,NA,NA,NA
Cercidospora parva,NA,NA,NA,NA
Cercidospora punctillata,2,NA,NA,NA
Cercidospora stereocaulorum,NA,NA,NA,NA
Cercidospora thamnoliae,NA,NA,NA,NA
Cercidospora verrucosaria,NA,NA,NA,NA
Cetraria aculeata,37,52,3,2
Cetraria ericetorum,5,10,7,2
Cetraria islandica,164,58,12,9
Cetraria muricata,6,25,4,NA
Cetraria sepincola,154,NA,1,4
Cetrariella commixta,7,2,3,2
Cetrariella delisei,9,27,3,4
Cetrelia cetrarioides,20,17,2,9
Cetrelia chicitae,1,4,NA,4
Cetrelia monachorum,10,11,2,9
Cetrelia olivetorum,3,11,NA,7
Chaenotheca brachypoda,5,3,2,2
Chaenotheca brunneola,8,7,2,5
Chaenotheca chlorella,8,NA,2,3
Chaenotheca chrysocephala,6,3,NA,2
Chaenotheca cinerea,5,3,NA,3
Chaenotheca ferruginea,10,5,2,2
Chaenotheca furfuracea,7,9,2,4
Chaenotheca gracilenta,7,5,1,3
Chaenotheca hispidula,NA,1,1,NA
Chaenotheca laevigata,4,2,2,1
Chaenotheca phaeocephala,15,15,6,7
Chaenotheca stemonea,7,6,4,2
Chaenotheca trichialis,20,9,2,7
Chaenotheca xyloxena,200,10,8,4
Chaenothecopsis caespitosa,NA,NA,NA,NA
Chaenothecopsis debilis,2,2,NA,NA
Chaenothecopsis epithallina,7,3,NA,NA
Chaenothecopsis nigra,NA,NA,NA,NA
Chaenothecopsis parasitaster,NA,NA,NA,NA
Chaenothecopsis pusilla,5,2,NA,NA
Chaenothecopsis pusiola,9,5,2,1
Chaenothecopsis retinens,NA,NA,NA,NA
Chaenothecopsis rubescens,1,1,NA,NA
Chaenothecopsis savonica,3,2,NA,NA
Chaenothecopsis subparoica,1,1,NA,NA
Chaenothecopsis tigillaris,NA,1,1,NA
Chaenothecopsis vainioana,1,2,NA,1
Chaenothecopsis viridialba,NA,1,1,NA
Chaenothecopsis viridireagens,5,3,NA,NA
Chionosphaera coppinsii,NA,NA,NA,NA
Chionosphaera lichenicola,NA,NA,NA,NA
Chrysothrix candelaris,1,1,1,NA
Chrysothrix chlorina,NA,NA,NA,NA
Chrysothrix chrysophthalma,NA,NA,1,NA
Chrysothrix flavovirens,1,NA,1,NA
Circinaria caesiocinerea,3,5,3,2
Circinaria calcarea,6,6,2,4
Circinaria contorta,6,5,3,4
Circinaria hoffmanniana,10,1,NA,3
Circinaria leprosescens,2,3,2,1
Circinaria tuberculosa,NA,NA,NA,NA
Cirrenalia lichenicola,NA,NA,NA,NA
Cladonia alpina,NA,NA,NA,NA
Cladonia angustiloba,NA,NA,NA,NA
Cladonia arbuscula,200,4,7,2
Cladonia asahinae,1,1,NA,1
Cladonia azorica,NA,NA,NA,NA
Cladonia bacillaris,NA,NA,NA,NA
Cladonia bellidiflora,6,3,5,6
Cladonia borealis,3,2,NA,2
Cladonia botrytes,6,6,NA,4
Cladonia brevis,NA,NA,NA,NA
Cladonia caespiticia,19,5,1,NA
Cladonia callosa,4,4,NA,2
Cladonia cariosa,63,15,1,3
Cladonia carneola,6,1,NA,2
Cladonia cenotea,76,10,NA,5
Cladonia cervicornis,13,59,NA,59
Cladonia chlorophaea,89,8,4,2
Cladonia ciliata,1,5,1,3
Cladonia coccifera,21,1,NA,15
Cladonia coniocraea,10,17,1,10
Cladonia conista,7,45,NA,NA
Cladonia convoluta,28,20,NA,26
Cladonia cornuta,7,15,2,4
Cladonia crispata,138,67,NA,2
Cladonia cryptochlorophaea,NA,3,NA,1
Cladonia cyathomorpha,2,14,NA,6
Cladonia deformis,1,NA,NA,12
Cladonia digitata,25,5,3,2
Cladonia diversa,3,2,NA,10
Cladonia fimbriata,37,7,1,2
Cladonia firma,34,2,NA,10
Cladonia floerkeana,3,5,6,NA
Cladonia foliacea,45,NA,NA,28
Cladonia furcata,20,24,NA,49
Cladonia glauca,3,4,2,3
Cladonia gracilis,11,37,4,24
Cladonia grayi,170,1,NA,2
Cladonia humilis,18,NA,NA,28
Cladonia incrassata,1,1,2,NA
Cladonia luteoalba,7,NA,NA,NA
Cladonia macilenta,12,NA,1,1
Cladonia macrophylla,3,2,NA,1
Cladonia maxima,5,7,NA,5
Cladonia mediterranea,200,10,NA,16
Cladonia merochlorophaea,128,3,2,1
Cladonia mitis,4,7,5,4
Cladonia monomorpha,NA,6,2,3
Cladonia norvegica,35,1,2,NA
Cladonia novochlorophaea,2,1,NA,1
Cladonia ochrochlora,6,9,2,4
Cladonia parasitica,4,5,2,1
Cladonia peziziformis,1,NA,NA,NA
Cladonia phyllophora,15,6,NA,7
Cladonia pleurota,3,3,1,8
Cladonia pocillum,200,8,12,1
Cladonia polydactyla,3,5,8,2
Cladonia portentosa,8,27,NA,49
Cladonia pulvinata,6,20,NA,19
Cladonia pyxidata,185,NA,NA,2
Cladonia ramulosa,37,11,1,NA
Cladonia rangiferina,10,8,4,2
Cladonia rangiformis,200,114,NA,45
Cladonia rei,37,11,NA,9
Cladonia scabriuscula,NA,2,NA,1
Cladonia squamosa,10,3,2,3
Cladonia stellaris,43,3,NA,2
Cladonia stereoclada,NA,8,NA,5
Cladonia straminea,4,1,NA,2
Cladonia strepsilis,8,5,NA,2
Cladonia stygia,74,5,7,1
Cladonia subcervicornis,57,28,NA,20
Cladonia subfurcata,4,NA,NA,NA
Cladonia subulata,37,19,2,16
Cladonia sulphurina,3,10,2,1
Cladonia symphycarpa,52,13,NA,1
Cladonia trassii,NA,7,NA,7
Cladonia umbricola,NA,NA,3,NA
Cladonia uncialis,74,21,2,21
Cladonia verticillata,5,38,NA,48
Cladonia zopfii,2,2,NA,2
Cladoniicola staurospora,NA,NA,NA,NA
Cladophialophora normandinae,NA,NA,NA,NA
Cladophialophora parmeliae,1,2,1,1
Cladosporium licheniphilum,NA,4,NA,1
Clandestinotrema antoninii,NA,NA,NA,NA
Clathroporinopsis nidarosiensis,NA,1,2,NA
Claurouxia chalybeioides,NA,NA,NA,NA
Clauzadea chondrodes,NA,NA,NA,NA
Clauzadea immersa,NA,NA,NA,NA
Clauzadea metzleri,NA,NA,NA,NA
Clauzadea monticola,1,1,NA,NA
Clauzadeana macula,NA,NA,NA,NA
Cliostomum coppinsii,NA,NA,NA,NA
Cliostomum corrugatum,2,2,2,NA
Cliostomum flavidulum,1,1,2,NA
Cliostomum griffithii,7,3,1,NA
Cliostomum leprosum,NA,NA,NA,NA
Cliostomum subtenerum,NA,NA,NA,NA
Cliostomum tenerum,NA,NA,NA,NA
Clypeococcum cladonema,NA,NA,NA,NA
Clypeococcum hemiamyloideum,NA,NA,NA,NA
Clypeococcum hypocenomycis,NA,NA,NA,NA
Clypeococcum psoromatis,NA,1,NA,NA
Coccotrema citrinescens,3,5,NA,NA
Coenogonium luteum,6,1,9,NA
Coenogonium nimisii,1,NA,1,NA
Coenogonium pineti,122,3,4,NA
Coenogonium tavaresianum,1,NA,2,NA
Collema cristatum,NA,NA,NA,NA
Collema flaccidum,NA,1,1,1
Collema furfuraceum,NA,NA,1,NA
Collema glebulentum,NA,NA,NA,NA
Collema nigrescens,NA,NA,2,NA
Collema subflaccidum,NA,NA,NA,NA
Collema subnigrescens,NA,NA,1,NA
Collemopsidium angermannicum,NA,1,NA,1
Collemopsidium arenisedum,NA,NA,NA,NA
Collemopsidium argilospilum,NA,NA,NA,NA
Collemopsidium caesium,NA,NA,NA,NA
Collemopsidium elegans,NA,NA,NA,NA
Collemopsidium foveolatum,NA,NA,NA,NA
Collemopsidium halodytes,NA,NA,NA,NA
Collemopsidium monense,NA,NA,NA,NA
Collemopsidium ostrearum,NA,NA,NA,NA
Collemopsidium pelvetiae,NA,1,2,1
Collemopsidium subarenisedum,NA,NA,NA,NA
Collemopsidium sublitorale,NA,NA,NA,NA
Coniocarpon cinnabarinum,6,NA,4,NA
Coniocarpon cuspidans,NA,NA,6,NA
Coniocarpon fallax,9,NA,10,NA
Coppinsia minutissima,NA,NA,NA,NA
Cornicularia normoerica,10,3,1,1
Corticifraga fuckelii,8,2,NA,NA
Corticifraga peltigerae,1,2,NA,NA
Corticiruptor abeloneae,NA,NA,NA,NA
Cresponea premnea,NA,2,2,NA
Crittendenia absistentis,NA,NA,NA,NA
Crittendenia coppinsii,NA,NA,NA,NA
Crittendenia lecidellae,NA,NA,NA,NA
Crittendenia lichenicola,NA,NA,NA,NA
Crocodia aurata,NA,NA,1,NA
Crustodiplodina lichenoides,NA,NA,NA,NA
Crutarndina petractoides,NA,1,1,NA
Cryptodiscus cladoniicola,NA,4,NA,4
Cryptodiscus gloeocapsa,1,1,2,NA
Cryptolechia carneolutea,NA,NA,2,NA
Cryptothele granuliformis,NA,NA,NA,NA
Cryptothele rhodosticta,NA,NA,NA,NA
Cucurbidothis pithyophila,NA,NA,NA,NA
Cyphobasidium usneicola,NA,NA,NA,NA
Cyrtidula hippocastani,NA,NA,NA,NA
Cyrtidula major,NA,NA,NA,NA
Cyrtidula quercus,NA,NA,NA,NA
Cystocoleus ebeneus,17,4,4,4
Dacampia cyrtellae,NA,NA,NA,NA
Dacampia hookeri,NA,4,NA,NA
Dacampia leptogiicola,NA,NA,NA,NA
Dacampia peltigericola,NA,NA,NA,NA
Dacampia rhizocarpicola,NA,NA,NA,NA
Dacampia rufescentis,NA,NA,NA,NA
Dactylospora bloxamii,NA,NA,NA,NA
Dactylospora scapanaria,NA,NA,NA,NA
Dactylospora stygia,NA,NA,NA,NA
Degelia plumbea,NA,NA,NA,NA
Dendrographa decolorans,1,2,4,NA
Dendrographa latebrarum,1,1,NA,NA
Dennisiella babingtonii,NA,NA,NA,NA
Dermatocarpon deminuens,2,3,NA,NA
Dermatocarpon intestiniforme,NA,13,3,NA
Dermatocarpon leptophyllodes,NA,NA,NA,NA
Dermatocarpon luridum,2,2,1,NA
Dermatocarpon meiophyllizum,3,2,3,NA
Dermatocarpon miniatum,10,NA,NA,NA
Dermatocarpon rivulorum,4,NA,NA,NA
Dermatocrpon miniatum,NA,NA,NA,NA
Desmococcus olivaceus,NA,NA,NA,NA
Dibaeis baeomyces,7,3,NA,NA
Dichoporis phaea,NA,NA,NA,NA
Dichoporis taylorii,NA,NA,1,NA
Dichoporis ziziphi,NA,NA,NA,NA
Dictyonema coppinsii,NA,NA,NA,NA
Didymellopsis collematum,NA,NA,NA,NA
Didymellopsis pulposi,NA,NA,NA,NA
Didymocyrtis cladoniicola,6,30,4,15
Didymocyrtis consimilis,NA,5,NA,2
Didymocyrtis epiphyscia,NA,NA,NA,NA
Didymocyrtis foliaceiphila,52,19,1,7
Didymocyrtis melanelixiae,NA,NA,NA,NA
Didymocyrtis pseudeverniae,200,4,NA,3
Didymocyrtis ramalinae,NA,10,NA,5
Didymocyrtis slaptoniensis,NA,NA,NA,NA
Dinemasporium strigosum,NA,8,NA,3
Diploicia canescens,8,1,2,3
Diplolaeviopsis ranula,1,NA,NA,1
Diplolaeviopsis symmictae,NA,NA,NA,NA
Diploschistes actinostoma,NA,NA,NA,NA
Diploschistes caesioplumbeus,3,4,2,NA
Diploschistes gypsaceus,7,7,4,3
Diploschistes muscorum,66,5,6,1
Diploschistes scruposus,65,27,12,4
Diplotomma alboatrum,33,4,3,2
Diplotomma chlorophaeum,NA,NA,NA,NA
Diplotomma hedinii,4,NA,NA,NA
Diplotomma murorum,NA,NA,NA,NA
Diplotomma parasiticum,NA,NA,NA,NA
Diplotomma pharcidium,8,NA,NA,NA
Diplotomma venustum,NA,NA,NA,NA
Diplotomma vezdanum,NA,NA,NA,NA
Dirina fallax,17,98,2,NA
Dirina massiliensis,19,NA,NA,NA
Eiglera flavida,NA,NA,NA,NA
Elixia flexella,2,2,3,NA
Enchylium bachmanianum,NA,NA,NA,NA
Enchylium confertum,NA,NA,NA,NA
Enchylium conglomeratum,NA,NA,1,NA
Enchylium limosum,NA,NA,NA,NA
Enchylium polycarpon,NA,NA,1,NA
Enchylium tenax,NA,NA,2,NA
Endocarpon adscendens,4,3,NA,NA
Endocarpon pallidulum,NA,NA,NA,NA
Endocarpon pusillum,16,NA,NA,NA
Endococcus apiciicola,NA,NA,NA,NA
Endococcus brachysporus,NA,NA,NA,NA
Endococcus caudisporus,NA,NA,NA,NA
Endococcus collematis,NA,NA,NA,NA
Endococcus exerrans,NA,NA,NA,NA
Endococcus fusiger,NA,NA,NA,NA
Endococcus macrosporus,NA,NA,NA,NA
Endococcus parmeliarum,NA,NA,NA,NA
Endococcus perpusillus,NA,NA,NA,NA
Endococcus propinquus,NA,NA,NA,NA
Endococcus protoblasteniae,NA,NA,NA,NA
Endococcus ramalinarius,NA,NA,NA,NA
Endococcus rugulosus,NA,NA,NA,NA
Endococcus verrucisporus,NA,NA,NA,NA
Endococcus verrucosus,NA,NA,NA,NA
Endohyalina ericina,NA,NA,NA,NA
Endohyalina insularis,NA,NA,NA,NA
Endophragmiella hughesii,NA,NA,NA,NA
Enterographa brezhonega,NA,NA,NA,NA
Enterographa crassa,NA,NA,2,NA
Enterographa elaborata,NA,NA,NA,NA
Enterographa hutchinsiae,1,1,2,NA
Enterographa pitardii,NA,1,NA,NA
Enterographa sorediata,NA,7,NA,NA
Enterographa zonata,NA,NA,3,NA
Eonema pyriforme,200,3,NA,NA
Eopyrenula avellanae,93,2,4,NA
Eopyrenula grandicula,NA,NA,NA,NA
Eopyrenula leucoplaca,10,3,2,NA
Eopyrenula septemseptata,NA,NA,NA,NA
Ephebe hispidula,NA,NA,NA,NA
Ephebe lanata,NA,NA,NA,NA
Epicladonia sandstedei,NA,3,NA,3
Epicladonia simplex,NA,2,NA,2
Epicladonia stenospora,NA,4,NA,3
Epigloea bactrospora,NA,NA,NA,NA
Epigloea filifera,NA,NA,NA,NA
Epigloea grummannii,NA,NA,NA,NA
Epigloea medioincrassata,NA,NA,NA,NA
Epigloea soleiformis,NA,1,NA,1
Epigloea urosperma,NA,NA,NA,NA
Epilichen scabrosus,2,2,NA,NA
Epiphloea byssina,NA,NA,NA,NA
Epithamnolia pertusariae,NA,NA,NA,NA
Epithamnolia xanthoriae,NA,25,NA,6
Erythricium aurantiacum,40,3,1,1
Euopsis granatina,NA,NA,NA,NA
Euopsis pulvinata,NA,NA,NA,NA
Evernia prunastri,200,12,6,1
Everniicola flexispora,NA,NA,NA,NA
Exarmidium hemisphaericum,NA,NA,NA,NA
Farnoldia jurana,NA,NA,1,1
Felipes leucopellaeus,3,2,3,NA
Fellhanera bouteillei,72,3,4,1
Fellhanera ochracea,NA,NA,NA,NA
Fellhanera subtilis,2,NA,3,NA
Fellhanera viridisorediata,2,2,2,NA
Fellhaneropsis myrtillicola,1,1,2,NA
Fellhaneropsis vezdae,1,1,4,NA
Feltgeniomyces luxemburgensis,NA,NA,NA,NA
Fissurina alboscripta,NA,NA,NA,NA
Flavocetraria cucullata,9,NA,NA,NA
Flavocetraria nivalis,16,31,9,2
Flavoparmelia caperata,24,2,3,12
Flavoparmelia soredians,25,5,6,2
Francisrosea bicolor,NA,3,3,NA
Frigidopyrenia bryospila,NA,NA,NA,NA
Frutidella caesioatra,4,1,1,NA
Frutidella furfuracea,200,4,5,1
Fulgensia bracteata,NA,4,3,NA
Fulgensia fulgens,36,3,4,3
Fulgensis bracteata,NA,NA,NA,NA
Fusarium peltigerae,NA,NA,NA,NA
Fuscidea arboricola,45,2,4,1
Fuscidea austera,NA,1,1,NA
Fuscidea cyathoides,10,5,7,NA
Fuscidea gothoburgensis,NA,1,1,NA
Fuscidea intercincta,1,1,2,NA
Fuscidea kochiana,NA,1,1,NA
Fuscidea lightfootii,9,10,5,NA
Fuscidea lygaea,NA,NA,NA,NA
Fuscidea mollis,4,1,1,2
Fuscidea oceanica,NA,NA,NA,NA
Fuscidea praeruptorum,NA,NA,NA,NA
Fuscidea pusilla,200,41,8,NA
Fuscidea recensa,NA,1,2,NA
Fuscopannaria ignobilis,7,4,1,NA
Fuscopannaria mediterranea,18,4,10,1
Fuscopannaria nebulosa,4,4,NA,NA
Fuscopannaria praetermissa,21,9,3,NA
Fuscopannaria saubinetii,NA,NA,NA,NA
Gabura fascicularis,NA,NA,1,NA
Gabura insignis,NA,2,2,NA
Geltingia associata,1,2,NA,2
Gilbertaria contristans,5,4,4,NA
Gilbertaria holomeloides,NA,7,5,NA
Gilbertaria squalescens,1,8,8,NA
Glaucomaria carpinea,200,9,7,1
Glaucomaria rupicola,19,1,1,NA
Glaucomaria swartzii,3,NA,NA,NA
Gomphillus calycioides,NA,NA,NA,NA
Gonatophragmium lichenophilum,NA,NA,NA,NA
Graphis betulina,NA,8,3,NA
Graphis chlorotica,NA,NA,NA,NA
Graphis crebra,NA,NA,NA,NA
Graphis elegans,NA,NA,NA,NA
Graphis furcata,NA,NA,NA,NA
Graphis handelii,NA,NA,NA,NA
Graphis inustuloides,NA,51,16,NA
Graphis leptoclada,NA,NA,NA,NA
Graphis persoonii,NA,3,3,NA
Graphis pulverulenta,NA,NA,NA,NA
Graphis scripta,30,NA,1,NA
Graphium aphthosae,NA,NA,NA,NA
Gregorella humida,150,3,1,1
Gyalecta biformis,NA,NA,NA,NA
Gyalecta derivata,3,8,6,NA
Gyalecta flotowii,6,5,2,NA
Gyalecta foveolaris,2,NA,NA,1
Gyalecta geoica,2,2,3,NA
Gyalecta hypoleuca,NA,NA,1,NA
Gyalecta truncigena,1,NA,3,NA
Gyalidea diaphana,NA,NA,NA,NA
Gyalidea fritzei,1,1,1,NA
Gyalidea hyalinescens,NA,NA,NA,NA
Gyalidea lecideopsis,NA,NA,NA,NA
Gyalidea psammoica,NA,NA,NA,NA
Gyalidea rivularis,NA,NA,NA,NA
Gyalidea roseola,NA,NA,NA,NA
Gyalidea subscutellaris,NA,NA,NA,NA
Gyalideopsis crenulata,NA,NA,NA,NA
Gyalideopsis cyanophila,NA,NA,NA,NA
Gyalideopsis muscicola,1,1,NA,NA
Gyrographa gyrocarpa,4,7,NA,NA
Gyrographa saxigena,NA,2,NA,NA
Haematomma ochroleucum,7,4,2,NA
Haematomma sorediatum,NA,NA,NA,NA
Halecania alpivaga,1,NA,NA,1
Halecania bryophila,NA,NA,NA,NA
Halecania giraltiae,NA,NA,NA,NA
Halecania laevis,NA,NA,NA,NA
Halecania micacea,NA,NA,NA,NA
Halecania ralfsii,1,1,NA,NA
Halecania rhypodiza,NA,NA,NA,NA
Halecania viridescens,188,3,2,NA
Haugania oederi,2,NA,1,NA
Hawksworthiana peltigericola,NA,NA,NA,NA
Hemigrapha atlantica,NA,NA,NA,NA
Henrica melaspora,10,3,NA,9
Henrica theleodes,24,NA,NA,3
Herteliana gagei,NA,NA,NA,NA
Hertelidea botryosa,6,1,2,NA
Heterodermia leucomelos,1,NA,1,NA
Heterodermia obscurata,4,NA,2,NA
Heterodermia propagulifera,NA,NA,NA,NA
Heteroplacidium fusculum,NA,NA,NA,NA
Homostegia piggotii,NA,NA,NA,NA
Hydropunctaria amphibia,4,3,NA,NA
Hydropunctaria aractina,8,8,3,NA
Hydropunctaria maura,13,14,2,1
Hydropunctaria oceanica,5,9,2,NA
Hydropunctaria orae,5,5,3,NA
Hydropunctaria rheitrophila,4,6,3,NA
Hydropunctaria scabra,4,5,1,NA
Hymenelia cyanocarpa,NA,NA,NA,NA
Hymenelia epulotica,NA,NA,NA,NA
Hymenelia heteromorpha,NA,NA,NA,NA
Hymenelia melanocarpa,NA,NA,NA,NA
Hymenelia prevostii,NA,NA,NA,NA
Hymenelia rhodopis,NA,NA,NA,NA
Hymenobia aporea,NA,NA,NA,NA
Hyperphyscia adglutinata,186,1,2,2
Hyperphyscia lucida,NA,NA,NA,NA
Hypocenomyce scalaris,160,12,5,1
Hypogymnia farinacea,21,14,6,1
Hypogymnia hultenii,2,1,NA,NA
Hypogymnia physodes,200,19,7,6
Hypogymnia tubulosa,200,11,6,1
Hypogymnia vittata,13,NA,1,NA
Hypotrachyna afrorevoluta,5,15,9,4
Hypotrachyna britannica,3,4,2,5
Hypotrachyna endochlora,3,2,2,2
Hypotrachyna horrescens,3,2,2,4
Hypotrachyna laevigata,8,3,1,2
Hypotrachyna lividescens,2,2,2,NA
Hypotrachyna minarum,3,2,3,3
Hypotrachyna revoluta,35,NA,3,6
Hypotrachyna sinuosa,5,2,1,1
Hypotrachyna taylorensis,2,1,2,3
Icmadophila ericetorum,14,6,2,4
Illosporiopsis christiansenii,NA,NA,NA,NA
Illosporium carneum,NA,10,NA,NA
Immersaria athroocarpa,NA,NA,NA,NA
Imshaugia aleurites,15,1,3,NA
Ingaderia sorediata,NA,5,NA,NA
Ingaderia vandenboomii,NA,2,NA,NA
Inoderma byssaceum,2,1,4,NA
Inoderma subabietinum,NA,NA,1,NA
Intralichen baccisporus,NA,NA,NA,NA
Intralichen christiansenii,NA,NA,NA,1
Intralichen lichenicola,NA,NA,NA,NA
Intralichen lichenum,NA,NA,NA,NA
Involucropyrenium waltheri,NA,NA,NA,NA
Ionaspis lacustris,1,1,1,NA
Ionaspis obtecta,NA,NA,NA,NA
Ionaspis odora,NA,NA,NA,NA
Ionaspis suaveolens,NA,NA,NA,NA
Jamesiella anastomosans,4,2,3,NA
Jamesiella scotica,NA,NA,NA,NA
Japewia subaurifera,10,3,2,NA
Japewia tornoÃ«nsis,NA,NA,NA,NA
Japewia tornoensis,3,1,1,NA
Japewiella tavaresiana,NA,1,NA,NA
Julella sericea,NA,NA,NA,NA
Kalchbrenneriella cyanescens,NA,NA,NA,NA
Karstenia chrysophaea,NA,NA,NA,NA
Karstenia dictyospora,NA,NA,NA,NA
Karstenia nigra,NA,NA,NA,NA
Karstenia rhopaloides,200,1,1,NA
Kiliasia episema,NA,NA,NA,NA
Knufia peltigerae,188,2,NA,NA
Koerberiella wimmeriana,1,1,NA,NA
Laetisaria lichenicola,14,2,1,2
Lambiella furvella,NA,2,1,NA
Lambiella fuscosora,1,2,2,2
Lambiella globulosa,4,4,2,2
Lambiella gyrizans,NA,2,1,NA
Lambiella insularis,1,4,2,2
Lambiella mullensis,NA,NA,NA,NA
Lasallia pustulata,195,46,22,1
Lasiosphaeriopsis salisburyi,NA,NA,NA,NA
Lasiosphaeriopsis stereocaulicola,NA,NA,NA,NA
Lasiosphaeriopsis supersparsa,NA,NA,NA,NA
Lathagium auriforme,NA,NA,NA,NA
Lathagrium auriforme,NA,NA,NA,NA
Lathagrium cristatum,NA,NA,NA,NA
Lathagrium dichotomum,NA,NA,NA,NA
Lathagrium fuscovirens,NA,NA,NA,NA
Lathagrium latzelii,NA,NA,NA,NA
Lathagrium undulatum,NA,NA,NA,NA
Lecanactis abietina,8,5,6,NA
Lecanactis subabietina,NA,NA,NA,NA
Lecania aipospila,2,4,1,NA
Lecania atrynoides,NA,NA,NA,NA
Lecania baeomma,NA,NA,NA,NA
Lecania chlorotiza,NA,NA,NA,NA
Lecania coeruleorubella,NA,NA,NA,NA
Lecania coerulescens,NA,NA,NA,NA
Lecania cuprea,NA,NA,NA,NA
Lecania cyrtella,200,4,7,1
Lecania cyrtellina,42,6,6,NA
Lecania dubitans,2,NA,NA,NA
Lecania erysibe,12,2,NA,NA
Lecania fructigena,5,1,NA,NA
Lecania fuscella,1,NA,2,NA
Lecania granulata,NA,NA,NA,NA
Lecania hutchinsiae,1,NA,NA,NA
Lecania inundata,NA,NA,NA,NA
Lecania naegelii,200,2,4,NA
Lecania nylanderiana,NA,2,1,NA
Lecania olivacella,NA,NA,NA,NA
Lecania poeltii,NA,NA,NA,NA
Lecania polycycla,NA,NA,NA,NA
Lecania polycyla,NA,NA,NA,NA
Lecania rabenhorstii,NA,1,1,NA
Lecania sambucina,1,1,4,NA
Lecania silvestris,NA,NA,NA,NA
Lecania suavis,2,NA,NA,NA
Lecania sylvestris,NA,NA,NA,NA
Lecania turicensis,NA,NA,NA,NA
Lecanidion atratum,NA,NA,NA,NA
Lecanographa abscondita,NA,NA,NA,NA
Lecanographa amylacea,7,18,6,NA
Lecanographa atlantica,NA,6,NA,NA
Lecanographa lyncea,1,1,2,NA
Lecanora aitema,12,5,3,NA
Lecanora albella,9,6,7,1
Lecanora albellula,200,1,5,NA
Lecanora alboflavida,NA,1,1,NA
Lecanora argentata,20,24,4,1
Lecanora atromarginata,NA,NA,NA,NA
Lecanora atrosulphurea,1,NA,NA,1
Lecanora barkmaniana,2,2,11,2
Lecanora cadubriae,6,2,5,NA
Lecanora caesiosora,NA,5,8,NA
Lecanora caledonica,1,1,2,NA
Lecanora campestris,NA,NA,NA,NA
Lecanora cenisia,10,NA,NA,NA
Lecanora chlarotera,16,10,18,NA
Lecanora chlorophaeodes,NA,NA,NA,NA
Lecanora cinereofusca,1,NA,5,NA
Lecanora compallens,200,4,4,NA
Lecanora confusa,1,NA,NA,NA
Lecanora conizaeoides,200,2,4,NA
Lecanora coppinsii,NA,NA,NA,NA
Lecanora dispersoareolata,NA,NA,NA,NA
Lecanora epanora,NA,NA,NA,NA
Lecanora epibryon,NA,NA,NA,NA
Lecanora expallens,40,5,6,NA
Lecanora farinaria,5,1,6,NA
Lecanora formosa,NA,NA,NA,NA
Lecanora frustulosa,3,1,1,NA
Lecanora fuscescens,NA,NA,NA,NA
Lecanora gangaleoides,NA,NA,NA,NA
Lecanora gisleriana,NA,NA,NA,NA
Lecanora glabrata,5,NA,NA,NA
Lecanora handelii,NA,NA,NA,NA
Lecanora helicopis,NA,NA,NA,NA
Lecanora horiza,200,4,6,2
Lecanora hybocarpa,NA,1,2,NA
Lecanora hypoptella,NA,NA,NA,NA
Lecanora hypoptoides,4,1,4,NA
Lecanora impudens,2,NA,2,1
Lecanora intricata,25,NA,NA,3
Lecanora intumescens,9,4,7,NA
Lecanora jamesii,NA,NA,NA,NA
Lecanora leptacina,2,NA,NA,1
Lecanora marginata,NA,NA,NA,NA
Lecanora mughicola,7,NA,3,NA
Lecanora ochroidea,NA,NA,NA,NA
Lecanora orae-frigidae,NA,NA,NA,NA
Lecanora orosthea,1,1,1,NA
Lecanora pannonica,NA,NA,NA,NA
Lecanora phaeostigma,5,4,10,NA
Lecanora polytropa,200,1,NA,7
Lecanora praepostera,2,NA,NA,NA
Lecanora pulicaris,15,11,23,1
Lecanora quercicola,NA,NA,NA,NA
Lecanora rugosella,NA,NA,NA,NA
Lecanora saligna,105,2,2,1
Lecanora sarcopidoides,61,3,6,NA
Lecanora sinuosa,1,1,2,NA
Lecanora soralifera,NA,NA,NA,NA
Lecanora stanislai,11,NA,5,NA
Lecanora stenotropa,NA,NA,NA,NA
Lecanora strobilina,2,2,4,1
Lecanora subaurea,NA,NA,NA,NA
Lecanora subcarnea,NA,NA,NA,NA
Lecanora subintricata,131,NA,3,NA
Lecanora sublivescens,1,7,6,NA
Lecanora sulphurea,3,1,NA,NA
Lecanora symmicta,3,NA,2,NA
Lecanora varia,8,2,1,1
Lecanora variolascens,1,NA,4,NA
Lecanora viridiatra,NA,NA,NA,NA
Lecidea albohyalina,NA,NA,NA,NA
Lecidea auriculata,8,NA,2,1
Lecidea berengeriana,6,4,1,1
Lecidea brachyspora,NA,NA,NA,NA
Lecidea confluens,NA,NA,1,1
Lecidea confluentula,NA,NA,NA,NA
Lecidea diducens,NA,NA,NA,NA
Lecidea endomelaena,NA,NA,NA,NA
Lecidea erythrophaea,2,2,NA,NA
Lecidea fuliginosa,NA,NA,NA,NA
Lecidea fuscoatra,4,NA,NA,1
Lecidea globulispora,NA,NA,NA,NA
Lecidea grisella,NA,7,3,NA
Lecidea haerjedalica,NA,NA,NA,NA
Lecidea herteliana,NA,NA,NA,NA
Lecidea huxariensis,1,1,2,NA
Lecidea inops,NA,NA,NA,NA
Lecidea lactea,NA,1,3,NA
Lecidea lapicida,117,NA,NA,1
Lecidea leprarioides,200,1,3,NA
Lecidea lichenicola,NA,NA,NA,NA
Lecidea lithophila,62,NA,1,NA
Lecidea mucosa,NA,NA,NA,NA
Lecidea nylanderi,200,2,4,NA
Lecidea obluridata,NA,NA,1,NA
Lecidea paraclitica,NA,NA,NA,NA
Lecidea paupercula,NA,NA,NA,NA
Lecidea phaeophysata,NA,NA,NA,NA
Lecidea phaeops,NA,NA,NA,NA
Lecidea plana,1,1,3,2
Lecidea promiscens,12,NA,NA,NA
Lecidea promiscua,NA,NA,NA,NA
Lecidea promixta,NA,NA,NA,NA
Lecidea sarcogynoides,NA,NA,NA,NA
Lecidea siderolithica,NA,NA,NA,NA
Lecidea silacea,9,NA,2,NA
Lecidea strasseri,7,2,2,NA
Lecidea subhumida,NA,NA,NA,NA
Lecidea subspeirea,NA,NA,NA,NA
Lecidea swartzioidea,NA,NA,NA,NA
Lecidea syncarpa,3,NA,1,1
Lecidea turgidula,200,2,2,NA
Lecidella anomaloides,NA,NA,NA,NA
Lecidella asema,NA,NA,NA,NA
Lecidella carpathica,2,NA,NA,NA
Lecidella elaeochroma,200,6,7,2
Lecidella flavosorediata,155,7,11,2
Lecidella meiococca,NA,NA,NA,NA
Lecidella parasitica,NA,NA,NA,NA
Lecidella patavina,NA,NA,NA,NA
Lecidella pulveracea,NA,NA,NA,NA
Lecidella scabra,5,1,NA,1
Lecidella stigmatea,200,2,NA,NA
Lecidella subviridis,1,NA,NA,NA
Lecidella viridans,NA,NA,NA,NA
Lecidella wulfenii,3,NA,NA,NA
Lecidoma demissum,NA,NA,NA,NA
Leightoniomyces phillipsii,NA,NA,NA,NA
Leimonis erratica,21,1,NA,NA
Leimonis lynceola,NA,NA,NA,NA
Lemmopsis arnoldiana,NA,NA,NA,NA
Lemmopsis oblongans,NA,NA,NA,NA
Lempholemma botryosum,NA,NA,NA,NA
Lempholemma chalazanellum,NA,NA,NA,NA
Lempholemma chalazanodes,NA,NA,NA,NA
Lempholemma chalazanum,NA,NA,NA,NA
Lempholemma cladodes,NA,NA,NA,NA
Lempholemma intricatum,NA,NA,NA,NA
Lempholemma isidioides,NA,NA,NA,NA
Lempholemma polyanthes,NA,NA,NA,NA
Lempholemma radiatum,NA,NA,NA,NA
Lepra albescens,1,3,4,NA
Lepra amara,2,4,2,NA
Lepra aspergilla,4,3,NA,NA
Lepra borealis,NA,NA,NA,NA
Lepra corallina,6,NA,NA,NA
Lepra dactylina,NA,NA,NA,NA
Lepra excludens,2,1,NA,NA
Lepra leucosora,NA,NA,NA,NA
Lepra melanochlora,NA,NA,NA,NA
Lepra monogona,NA,NA,NA,NA
Lepra multipuncta,NA,NA,NA,NA
Lepra ophthalmiza,1,1,5,NA
Lepra pulvinata,NA,NA,NA,NA
Lepraria alpina,2,NA,NA,NA
Lepraria atlantica,3,NA,NA,3
Lepraria bergensis,NA,NA,NA,NA
Lepraria borealis,7,2,2,NA
Lepraria caesioalba,12,NA,1,NA
Lepraria crassissima,1,NA,NA,NA
Lepraria diffusa,NA,NA,NA,NA
Lepraria eburnea,9,NA,NA,NA
Lepraria ecorticata,NA,NA,NA,NA
Lepraria elobata,190,2,NA,5
Lepraria finkii,41,3,2,NA
Lepraria humida,18,7,3,7
Lepraria incana,130,19,2,3
Lepraria jackii,200,NA,3,14
Lepraria membranacea,NA,1,NA,1
Lepraria neglecta,2,NA,NA,1
Lepraria nivalis,NA,1,1,NA
Lepraria nylanderiana,1,NA,NA,NA
Lepraria rigidula,68,NA,NA,2
Lepraria sylvicola,11,NA,NA,6
Lepraria umbricola,6,NA,1,3
Lepraria vouauxii,7,1,NA,1
Leprocaulon calcicola,7,7,NA,NA
Leprocaulon quisquiliare,9,9,2,3
Leptogidium dendriscum,NA,1,1,NA
Leptogium brebissonii,NA,NA,1,NA
Leptogium britannicum,NA,NA,NA,NA
Leptogium burgessii,NA,NA,NA,NA
Leptogium cochleatum,5,NA,NA,NA
Leptogium coralloideum,NA,NA,NA,NA
Leptogium cyanescens,NA,NA,1,NA
Leptogium hibernicum,17,49,6,43
Leptogium hildenbrandii,NA,NA,NA,NA
Leptogium juressianum,NA,NA,NA,NA
Leptogium saturninum,16,9,5,3
Leptorhaphis atomaria,1,1,2,NA
Leptorhaphis confertior,NA,NA,NA,NA
Leptorhaphis epidermidis,1,1,NA,NA
Leptorhaphis laricis,NA,NA,NA,NA
Leptorhaphis maggiana,1,1,2,NA
Leptosillia slaptonensis,2,4,NA,NA
Leptosillia wienkampii,NA,18,NA,15
Leptosphaeria clarkii,NA,NA,NA,NA
Leptosphaeria leucomelaria,NA,NA,NA,NA
Leptosphaerulina peltigerae,NA,NA,NA,NA
Leucodecton isidioides,NA,NA,NA,NA
Libertiella malmedyensis,NA,NA,NA,NA
Lichenochora aipoliae,NA,NA,NA,NA
Lichenochora aprica,NA,NA,NA,NA
Lichenochora coarctatae,NA,NA,NA,NA
Lichenochora coppinsii,NA,NA,NA,NA
Lichenochora epifulgens,NA,NA,NA,NA
Lichenochora galligena,NA,NA,NA,NA
Lichenochora hyperphysciae,NA,NA,NA,NA
Lichenochora inconspicua,NA,NA,NA,NA
Lichenochora lecidellae,NA,NA,NA,NA
Lichenochora mediterraneae,NA,NA,NA,NA
Lichenochora obscuroides,NA,NA,NA,NA
Lichenochora paucispora,NA,NA,NA,NA
Lichenochora physciicola,NA,NA,NA,NA
Lichenochora weillii,NA,NA,NA,NA
Lichenoconium cargillianum,NA,NA,NA,NA
Lichenoconium erodens,NA,5,1,NA
Lichenoconium lecanorae,NA,1,1,NA
Lichenoconium lichenicola,NA,NA,NA,NA
Lichenoconium pyxidatae,NA,NA,NA,NA
Lichenoconium reichlingii,NA,NA,NA,NA
Lichenoconium usneae,NA,3,1,NA
Lichenoconium xanthoriae,NA,NA,NA,NA
Lichenodiplis fallaciosa,NA,NA,NA,NA
Lichenodiplis lecanorae,NA,5,NA,8
Lichenodiplis lichenicola,NA,NA,NA,NA
Lichenodiplis opegraphae,NA,NA,NA,NA
Lichenodiplis pertusariicola,NA,NA,NA,NA
Lichenodiplis poeltii,NA,NA,NA,NA
Lichenohendersonia physciicola,NA,NA,NA,NA
Lichenomphalia alpina,6,NA,NA,1
Lichenomphalia ericetorum,200,6,NA,1
Lichenomphalia hudsoniana,32,2,NA,NA
Lichenomphalia velutina,6,1,NA,NA
Lichenopeltella cetrariicola,NA,NA,NA,NA
Lichenopeltella coppinsii,NA,NA,NA,NA
Lichenopeltella pannariacearum,NA,NA,NA,NA
Lichenopeltella peltigericola,NA,NA,NA,NA
Lichenopeltella ramalinae,NA,NA,NA,NA
Lichenopeltella santessonii,NA,NA,NA,NA
Lichenopuccinia poeltii,NA,NA,NA,NA
Lichenosticta alcicornaria,15,2,NA,3
Lichenostigma alpinum,NA,NA,NA,NA
Lichenostigma chlaroterae,NA,NA,NA,NA
Lichenostigma elongatum,NA,NA,NA,NA
Lichenostigma maureri,NA,NA,NA,NA
Lichenothelia convexa,NA,3,1,3
Lichenothelia renobalesiana,NA,NA,NA,NA
Lichenothelia rugosa,NA,NA,NA,NA
Lichenotubeufia heterodermiae,NA,NA,NA,NA
Lichina confinis,17,16,7,NA
Lichina pygmaea,14,13,5,NA
Lichinodium sirosiphoideum,NA,NA,NA,NA
Lithocalla ecorticata,8,NA,2,1
Lithographa tesserata,NA,NA,NA,NA
Lithothelium phaeosporum,NA,1,2,NA
Llimoniella fuscatae,NA,NA,NA,NA
Llimoniella groenlandiae,NA,NA,NA,NA
Lobaria pulmonaria,22,37,14,19
Lobarina scrobiculata,13,11,3,2
Lobothallia melanaspis,7,2,1,2
Lobothallia radiosa,1,6,6,1
Lobothallia recedens,3,1,1,1
Lopadium coralloideum,NA,NA,NA,NA
Lopadium disciforme,1,1,4,NA
Lopadium pezizoideum,NA,NA,NA,NA
Loxospora christinae,NA,NA,NA,NA
Loxospora elatina,20,21,11,3
Marchandiomyces corallinus,1,1,1,1
Massalongia carnosa,18,11,2,1
Megalaria grossa,21,4,2,NA
Megalaria laureri,1,NA,3,NA
Megalaria pulverea,15,9,NA,2
Megalospora tuberculosa,17,19,14,21
Megaspora verrucosa,1,2,2,NA
Melanelia hepatizon,20,2,10,1
Melanelia panniformis,NA,NA,NA,NA
Melanelia stygia,11,5,7,3
Melanelixia fuliginosa,30,19,9,14
Melanelixia glabra,15,NA,NA,NA
Melanelixia glabratula,64,20,2,8
Melanelixia hawksworthii,NA,NA,NA,NA
Melanelixia subargentifera,18,9,6,5
Melanelixia subaurifera,200,11,8,4
Melanohalea elegantula,53,9,7,5
Melanohalea exasperata,200,16,9,3
Melanohalea exasperatula,4,4,4,1
Melanohalea laciniatula,5,7,3,NA
Melanohalea septentrionalis,21,2,4,1
Melaspilea amota,NA,NA,NA,NA
Melaspilea atroides,NA,NA,NA,NA
Melaspilea bagliettoana,NA,2,2,NA
Melaspilea diplasiospora,NA,NA,NA,NA
Melaspilea interjecta,NA,NA,NA,NA
Melaspilea leciographoides,NA,NA,NA,NA
Melaspilea lentiginosula,NA,NA,NA,NA
Melaspilea ochrothalamia,NA,NA,NA,NA
Melaspilea proximella,21,NA,2,NA
Melaspileopsis diplasiospora,NA,NA,NA,NA
Menegazzia subsimilis,15,1,NA,NA
Menegazzia terebrata,8,10,2,1
Merismatium coccisporum,NA,NA,NA,NA
Merismatium deminutum,NA,NA,NA,NA
Merismatium discrepans,NA,NA,NA,NA
Merismatium heterophractum,NA,NA,NA,NA
Merismatium nigritellum,NA,NA,NA,NA
Metamelanea umbonata,NA,NA,NA,NA
Micarea adnata,1,1,4,NA
Micarea aeruginoprasina,NA,NA,NA,NA
Micarea alabastrites,NA,NA,NA,NA
Micarea angulosa,NA,NA,NA,NA
Micarea assimilata,NA,NA,NA,NA
Micarea atroviridis,NA,NA,1,NA
Micarea bauschiana,NA,NA,NA,NA
Micarea botryoides,4,1,1,NA
Micarea byssacea,18,15,35,NA
Micarea cinerea,3,1,1,1
Micarea contexta,NA,NA,4,NA
Micarea coppinsii,2,1,3,NA
Micarea crassipes,NA,NA,NA,NA
Micarea curvata,NA,NA,NA,NA
Micarea deminuta,46,NA,1,NA
Micarea denigrata,200,2,8,NA
Micarea doliiformis,1,1,4,NA
Micarea elachista,2,1,4,NA
Micarea eximia,1,NA,1,NA
Micarea fallax,95,2,8,NA
Micarea farinosa,NA,NA,NA,NA
Micarea globulosella,8,2,5,NA
Micarea hedlundii,1,NA,5,NA
Micarea herbarum,NA,NA,8,NA
Micarea hypoviolascens,1,1,2,NA
Micarea incrassata,NA,1,NA,1
Micarea inopinula,NA,NA,NA,NA
Micarea inquinans,NA,NA,NA,NA
Micarea isidioprasina,33,4,6,NA
Micarea lapillicola,NA,NA,NA,NA
Micarea leprosula,NA,NA,NA,NA
Micarea lignaria,4,NA,6,NA
Micarea lithinella,NA,NA,NA,NA
Micarea longispora,1,NA,1,NA
Micarea marginata,NA,NA,NA,NA
Micarea melaena,11,NA,3,NA
Micarea micrococca,77,NA,2,NA
Micarea microsorediata,3,3,9,NA
Micarea misella,63,3,7,NA
Micarea myriocarpa,1,NA,NA,NA
Micarea nigella,34,5,9,NA
Micarea nitschkeana,1,1,3,NA
Micarea olivacea,NA,NA,NA,NA
Micarea paratropa,2,1,NA,NA
Micarea parva,NA,NA,NA,NA
Micarea peliocarpa,5,2,5,NA
Micarea polycarpella,NA,NA,NA,NA
Micarea prasina,20,NA,5,NA
Micarea pseudomarginata,NA,NA,NA,NA
Micarea pseudomicrococca,1,NA,1,NA
Micarea pycnidiophora,1,1,4,NA
Micarea sambuci,NA,NA,NA,NA
Micarea stipitata,NA,NA,2,NA
Micarea subconfusa,NA,NA,NA,NA
Micarea submilliaria,NA,NA,NA,NA
Micarea subnigrata,NA,NA,NA,NA
Micarea subviridescens,NA,NA,1,NA
Micarea ternaria,NA,NA,NA,NA
Micarea turfosa,NA,NA,NA,NA
Micarea viridiatra,NA,NA,NA,NA
Micarea viridileprosa,12,1,6,NA
Micarea vulpinaris,NA,NA,NA,NA
Micarea xanthonica,1,1,NA,1
Microcalicium ahlneri,2,NA,2,NA
Microcalicium arenarium,4,NA,2,NA
Microcalicium disseminatum,3,2,4,NA
Microcera physciae,200,6,NA,NA
Milospium graphideorum,2,1,NA,1
Milospium lacoizquetae,NA,NA,NA,NA
Minutoexcipula tephromelae,NA,NA,NA,NA
Minutoexcipula tuckerae,NA,NA,NA,NA
Minutophoma chrysophthalmae,NA,NA,NA,NA
Miriquidica atriseda,9,3,NA,1
Miriquidica atrofulva,NA,NA,NA,NA
Miriquidica complanata,NA,3,2,NA
Miriquidica garovaglii,1,2,1,NA
Miriquidica griseoatra,NA,NA,NA,NA
Miriquidica intrudens,NA,NA,NA,NA
Miriquidica leucophaea,1,5,1,1
Miriquidica lulensis,NA,NA,NA,NA
Miriquidica nephaea,NA,NA,NA,NA
Miriquidica nigroleprosa,NA,3,NA,NA
Miriquidica pycnocarpa,NA,NA,NA,NA
Miriquidica subplumbea,NA,NA,NA,NA
Mischoblastia oxydata,NA,2,1,NA
Mixtoconidium insidens,NA,NA,NA,NA
Mixtoconidium insidiens,NA,NA,NA,NA
Mniaecia albida,NA,NA,NA,NA
Mniaecia jungermanniae,NA,1,1,1
Mniaecia nivea,NA,1,1,1
Monerolechia badia,2,3,2,NA
Monodictys anaptychiae,NA,NA,NA,NA
Monodictys cellulosa,NA,NA,NA,NA
Monodictys epilepraria,NA,NA,NA,NA
Monodictys fuliginosa,NA,NA,NA,NA
Montanelia disjuncta,79,7,5,5
Muellerella erratica,NA,2,2,NA
Muellerella hospitans,NA,NA,NA,NA
Muellerella lichenicola,NA,1,NA,1
Muellerella polyspora,NA,NA,NA,NA
Muellerella pygmaea,NA,NA,NA,NA
Muellerella triseptata,NA,NA,NA,NA
Muellerella ventosicola,NA,3,4,NA
Multiclavula corynoides,15,NA,NA,NA
Multiclavula mucida,9,1,NA,1
Multiclavula vernalis,1,1,NA,NA
Mycobilimbia carneoalbida,10,12,2,5
Mycobilimbia epixanthoides,9,11,7,3
Mycobilimbia pilularis,3,NA,NA,NA
Mycobilimbia tetramera,25,16,4,5
Mycoblastus affinis,8,1,1,3
Mycoblastus alpinus,1,1,2,NA
Mycoblastus caesius,5,5,15,NA
Mycoblastus sanguinarioides,4,NA,NA,4
Mycoblastus sanguinarius,200,7,5,10
Mycocalicium subtile,45,8,3,NA
Mycoglaena acuminans,NA,NA,NA,NA
Mycoglaena myricae,NA,NA,NA,NA
Mycomicrothelia atlantica,NA,NA,NA,NA
Mycomicrothelia confusa,1,1,2,NA
Mycomicrothelia wallrothii,1,1,NA,NA
Mycoporum antecellens,NA,NA,4,NA
Mycoporum lacteum,NA,NA,NA,NA
Myochroidea porphyrospoda,NA,NA,1,NA
Myriolecis actophila,NA,NA,NA,NA
Myriolecis agardhiana,NA,NA,1,NA
Myriolecis albescens,7,NA,NA,NA
Myriolecis andrewii,NA,NA,NA,NA
Myriolecis antiqua,NA,NA,NA,NA
Myriolecis congesta,NA,NA,NA,NA
Myriolecis crenulata,NA,NA,1,NA
Myriolecis dispersa,5,1,1,1
Myriolecis fugiens,NA,NA,NA,NA
Myriolecis hagenii,3,2,5,NA
Myriolecis invadens,NA,NA,NA,NA
Myriolecis massei,NA,NA,NA,NA
Myriolecis persimilis,1,1,2,NA
Myriolecis poliophaea,NA,2,1,NA
Myriolecis populicola,24,NA,NA,NA
Myriolecis pruinosa,NA,NA,NA,NA
Myriolecis salina,NA,NA,NA,NA
Myriolecis sambuci,1,1,2,NA
Myriolecis semipallida,NA,NA,NA,NA
Myriolecis straminea,2,NA,NA,1
Myriolecis zosterae,NA,NA,NA,NA
Myriospora dilatata,NA,2,NA,NA
Myriospora myochroa,NA,3,NA,NA
Myriospora rhagadiza,NA,3,NA,NA
Myriospora rufescens,NA,12,8,NA
Myriospora scabrida,NA,11,6,2
Myriospora smaragdula,1,8,51,46
Myriospora tangerina,NA,1,NA,NA
Myxophora leptogiophila,NA,NA,NA,NA
Naetrcymbe nitescens,NA,NA,NA,NA
Naetrocymbe atractospora,NA,NA,NA,NA
Naetrocymbe carneobrunneola,NA,NA,NA,NA
Naetrocymbe fraxini,NA,NA,NA,NA
Naetrocymbe nitescens,NA,NA,NA,NA
Naetrocymbe punctiformis,2,2,7,NA
Naetrocymbe saxicola,NA,NA,NA,NA
Naevia punctiformis,NA,NA,6,NA
Nagrajchalara insignis,NA,1,NA,NA
Nanostictis christiansenii,NA,NA,NA,NA
Nectria epicallopisma,NA,NA,NA,NA
Nectria pseudopeziza,1,NA,NA,NA
Nectriopsis indigens,NA,NA,NA,NA
Nectriopsis lecanodes,6,NA,NA,NA
Nectriopsis micareae,NA,NA,NA,NA
Nectriopsis parmeliae,NA,NA,NA,NA
Nectriopsis physciicola,NA,NA,NA,NA
Nectriopsis rubefaciens,NA,5,NA,NA
Neobarya peltigerae,NA,NA,NA,NA
Neocoleroa inundata,NA,NA,NA,NA
Neoechinodiscus lesdainii,NA,NA,NA,NA
Neolamya peltigerae,NA,NA,NA,NA
Neopetractis nodispora,NA,NA,NA,NA
Nephroma arcticum,38,8,4,2
Nephroma helveticum,4,11,7,2
Nephroma laevigatum,4,20,6,NA
Nephroma parile,20,21,1,1
Nephroma resupinatum,11,NA,1,NA
Nephroma tangeriense,30,7,2,NA
Nesolechia oxyspora,5,4,1,NA
Nesothele hymenogonia,200,1,1,NA
Nesothele rugulosa,NA,1,1,NA
Nesothele succedens,1,1,2,NA
Nevesia sampaiana,3,1,2,NA
Niesslia cladoniicola,NA,NA,NA,NA
Niesslia lobariae,NA,NA,NA,NA
Nigromacula uniseptata,NA,NA,NA,NA
Normandina acroglypta,21,7,10,3
Normandina chlorococca,1,NA,1,NA
Normandina pulchella,9,10,10,3
Obryzum corniculatum,NA,NA,NA,NA
Ocellomma picconianum,1,2,NA,NA
Ochrolechia androgyna,10,6,2,NA
Ochrolechia arborea,2,1,2,NA
Ochrolechia bahusiensis,14,6,4,NA
Ochrolechia frigida,8,NA,NA,1
Ochrolechia inaequatula,NA,NA,NA,NA
Ochrolechia incarnata,4,3,NA,NA
Ochrolechia laevigata,NA,NA,NA,NA
Ochrolechia mahluensis,3,1,2,1
Ochrolechia microstictoides,20,6,8,NA
Ochrolechia parella,15,18,4,NA
Ochrolechia subviridis,8,5,1,NA
Ochrolechia szatalaensis,16,4,NA,NA
Ochrolechia tartarea,3,4,1,1
Ochrolechia turneri,5,NA,4,NA
Ochrolechia xanthostoma,NA,1,NA,NA
Opegrapha anomea,NA,NA,NA,NA
Opegrapha areniseda,NA,NA,NA,NA
Opegrapha arthoniicola,NA,NA,NA,NA
Opegrapha brevis,NA,NA,NA,NA
Opegrapha cesareensis,NA,NA,NA,NA
Opegrapha demutata,NA,NA,NA,NA
Opegrapha dolomitica,NA,NA,NA,NA
Opegrapha fumosa,NA,NA,NA,NA
Opegrapha hochstetteri,NA,NA,NA,NA
Opegrapha lamyi,NA,NA,NA,NA
Opegrapha lithyrga,NA,NA,NA,NA
Opegrapha niveoatra,3,2,10,NA
Opegrapha opaca,NA,NA,NA,NA
Opegrapha parasitica,NA,NA,NA,NA
Opegrapha pertusariicola,NA,NA,NA,NA
Opegrapha pulvinata,NA,NA,NA,NA
Opegrapha reactiva,NA,NA,NA,NA
Opegrapha rotunda,NA,NA,NA,NA
Opegrapha rubefacta,NA,NA,NA,NA
Opegrapha rupestris,NA,NA,NA,NA
Opegrapha sawyeriana,NA,NA,NA,NA
Opegrapha thelotrematis,NA,NA,NA,NA
Opegrapha trochodes,1,1,2,NA
Opegrapha vermicellifera,2,2,2,NA
Opegrapha vulgata,1,1,NA,NA
Ophioparma lapponica,1,NA,NA,NA
Ophioparma ventosa,44,8,2,1
Orcularia insperata,NA,NA,NA,NA
Orphniospora moriopsis,1,NA,NA,1
Pachnolepia pruinata,NA,NA,1,NA
Pachyphiale carneola,2,2,3,NA
Pachyphiale fagicola,1,1,5,NA
Pachyphiale ophiospora,NA,1,1,NA
Palicella filamentosa,200,2,4,NA
Pannaria conoplea,17,6,1,NA
Pannaria hookeri,5,1,NA,1
Pannaria rubiginosa,7,3,NA,NA
Parabagliettoa cyanea,NA,1,NA,1
Parabagliettoa dufourii,1,1,NA,1
Parabagliettoa impressa,NA,1,NA,1
Parabagliettoa pinguicula,NA,NA,NA,NA
Paralecanographa grumulosa,NA,NA,NA,NA
Paranectria affinis,1,1,NA,NA
Paranectria alstrupii,NA,NA,NA,NA
Paranectria oropensis,NA,NA,NA,NA
Paranectria superba,NA,NA,NA,NA
Parmelia discordans,NA,4,1,NA
Parmelia encryptata,15,6,NA,4
Parmelia ernstiae,18,100,8,1
Parmelia omphalodes,5,NA,NA,4
Parmelia saxatilis,24,NA,2,19
Parmelia serrana,38,37,9,6
Parmelia submontana,4,NA,2,1
Parmelia sulcata,200,34,11,16
Parmeliella parvula,7,1,2,NA
Parmeliella testacea,NA,NA,NA,NA
Parmeliella thriptophylla,13,6,4,2
Parmelina carporrhizans,9,2,3,NA
Parmelina pastillifera,57,64,7,39
Parmelina quercina,7,3,2,2
Parmelina tiliacea,187,386,6,312
Parmeliopsis ambigua,13,4,4,4
Parmeliopsis hyperopta,200,3,3,3
Parmotrema arnoldii,NA,NA,NA,NA
Parmotrema crinitum,10,7,5,2
Parmotrema perlatum,67,6,6,2
Parmotrema pseudoreticulatum,21,1,3,5
Parmotrema reticulatum,30,7,12,12
Parmotrema robustum,1,4,3,2
Parmotrema stuppeum,NA,NA,NA,NA
Paulia glomerata,NA,NA,NA,NA
Pectenia atlantica,1,NA,NA,1
Pectenia cyanoloma,3,1,NA,NA
Pectenia ligulata,NA,NA,NA,NA
Pectenia plumbea,5,NA,NA,5
Peltigera britannica,1,8,NA,NA
Peltigera canina,4,NA,NA,2
Peltigera collina,5,5,7,NA
Peltigera degenii,15,18,1,NA
Peltigera didactyla,63,10,NA,NA
Peltigera elisabethae,2,1,NA,NA
Peltigera horizontalis,15,10,2,NA
Peltigera hymenina,58,28,1,12
Peltigera lepidophora,13,8,NA,NA
Peltigera leucophlebia,39,12,NA,NA
Peltigera malacea,16,5,7,2
Peltigera membranacea,26,16,NA,NA
Peltigera neckeri,23,6,NA,1
Peltigera polydactylon,19,22,3,10
Peltigera ponojensis,58,22,NA,1
Peltigera praetextata,5,20,1,NA
Peltigera rufescens,67,2,1,NA
Peltigera scabrosa,26,16,NA,13
Peltigera scabrosella,52,21,NA,3
Peltigera venosa,4,NA,NA,NA
Peltula euploca,1,NA,NA,NA
Penttilamyces lichenicola,NA,NA,NA,NA
Peridothelia fuliguncta,NA,NA,NA,NA
Perigrapha superveniens,NA,NA,NA,NA
Pertusaria amarescens,NA,NA,NA,NA
Pertusaria bryontha,NA,NA,NA,NA
Pertusaria chiodectonoides,3,NA,NA,NA
Pertusaria coccodes,9,8,1,NA
Pertusaria coronata,NA,1,2,NA
Pertusaria flavicans,1,1,NA,NA
Pertusaria flavida,5,3,2,NA
Pertusaria flavocorallina,NA,NA,NA,NA
Pertusaria glomerata,NA,NA,NA,NA
Pertusaria hutchinsiae,NA,NA,NA,NA
Pertusaria hymenea,2,2,2,NA
Pertusaria lactescens,NA,NA,NA,NA
Pertusaria leioplaca,200,2,2,NA
Pertusaria oculata,NA,NA,NA,NA
Pertusaria pertusa,6,6,3,2
Pertusaria pluripuncta,NA,NA,NA,NA
Pertusaria polythecia,NA,NA,NA,NA
Pertusaria pseudocorallina,NA,NA,NA,NA
Pertusaria pupillaris,16,4,8,NA
Pertusaria pustulata,NA,NA,NA,NA
Petractis clausa,NA,1,NA,NA
Pezizella epithallina,NA,3,NA,3
Phacographa glaucomaria,NA,NA,NA,NA
Phacographa zwackhii,NA,2,1,NA
Phacothecium varium,NA,NA,NA,NA
Phaeocalicium populneum,2,2,NA,NA
Phaeocalicium praecedens,1,2,NA,1
Phaeocalicium tremulicola,NA,NA,NA,NA
Phaeographis dendritica,5,1,NA,NA
Phaeographis inusta,NA,NA,NA,NA
Phaeographis lyellii,NA,NA,NA,NA
Phaeographis smithii,NA,NA,NA,NA
Phaeophyscia endococcina,2,1,NA,NA
Phaeophyscia endophoenicea,4,NA,1,NA
Phaeophyscia nigricans,1,NA,1,NA
Phaeophyscia orbicularis,16,5,6,5
Phaeophyscia sciastra,2,1,NA,1
Phaeoseptoria peltigerae,NA,NA,NA,NA
Phaeospora everniae,NA,NA,NA,NA
Phaeospora exoriens,NA,NA,NA,NA
Phaeospora lecanorae,NA,NA,NA,NA
Phaeospora parasitica,NA,NA,NA,NA
Phaeospora rimosicola,NA,NA,NA,NA
Phialopsis ulmi,3,2,1,1
Phlyctis agelaea,15,3,4,NA
Phlyctis argena,200,5,4,2
Phoma everniae,NA,NA,NA,NA
Phoma lecanorae,NA,NA,NA,NA
Phoma lichenis,NA,NA,NA,NA
Phylliscum demangeonii,32,1,1,NA
Phylloblastia fortuita,NA,NA,NA,NA
Phylloblastia inexpectata,NA,NA,NA,NA
Phyllopsora rosei,6,2,4,NA
Physcia adscendens,8,7,3,4
Physcia aipolia,150,7,3,3
Physcia caesia,4,2,NA,NA
Physcia clementei,NA,NA,NA,NA
Physcia dubia,5,3,3,1
Physcia leptalea,4,NA,1,NA
Physcia phaea,NA,NA,NA,NA
Physcia stellaris,7,3,5,2
Physcia tenella,10,5,3,2
Physcia tribacia,15,NA,NA,NA
Physcia tribacioides,NA,NA,NA,NA
Physciella melanchra,1,NA,NA,NA
Physconia distorta,39,4,4,4
Physconia enteroxantha,11,2,2,3
Physconia grisea,22,4,3,3
Physconia muscigena,3,NA,NA,NA
Physconia perisidiosa,16,5,4,5
Piccolia ochrophora,4,3,NA,NA
Pilonema heteromallum,NA,NA,NA,NA
Pilophorus strumaticus,NA,2,NA,NA
Placidiopsis custnani,NA,NA,NA,NA
Placidiopsis pseudocinerea,1,NA,NA,NA
Placidium boccanum,NA,NA,NA,NA
Placidium lachneum,NA,NA,NA,NA
Placidium michelii,NA,NA,NA,NA
Placidium pilosellum,4,1,NA,3
Placidium rufescens,NA,NA,NA,NA
Placidium squamulosum,NA,NA,NA,NA
Placopsis gelida,2,NA,NA,1
Placopsis lambii,1,NA,NA,NA
Placopyrenium canellum,NA,NA,NA,NA
Placopyrenium cinereoatratum,4,4,NA,NA
Placopyrenium formosum,2,4,NA,NA
Placopyrenium fuscellum,1,2,NA,1
Placopyrenium trachyticum,NA,NA,NA,NA
Placynthiella dasaea,91,2,2,1
Placynthiella hyporhoda,NA,NA,NA,NA
Placynthiella icmalea,44,4,7,1
Placynthiella oligotropha,200,3,NA,NA
Placynthiella uliginosa,156,1,2,NA
Placynthium anemoideum,NA,NA,NA,NA
Placynthium asperellum,NA,2,NA,NA
Placynthium caesium,NA,NA,1,NA
Placynthium dolichoterum,NA,NA,NA,NA
Placynthium filiforme,NA,NA,NA,NA
Placynthium flabellosum,NA,NA,NA,NA
Placynthium garovaglii,NA,NA,NA,NA
Placynthium hungaricum,NA,NA,NA,NA
Placynthium lismorense,NA,NA,NA,NA
Placynthium nigrum,1,3,5,NA
Placynthium pannariellum,NA,NA,NA,NA
Placynthium subradiatum,NA,NA,NA,NA
Placynthium tantaleum,NA,NA,2,NA
Placynthium tremniacum,NA,NA,NA,NA
Platismatia glauca,200,15,3,1
Platismatia norvegica,8,4,NA,1
Plectocarpon lichenum,NA,NA,NA,NA
Plectocarpon scrobiculatae,NA,NA,NA,NA
Pleopsidium chlorophanum,17,8,3,3
Pleurosticta acetabulum,12,7,5,2
Poeltinula cerebrina,NA,NA,1,NA
Polyblastia agraria,NA,NA,NA,NA
Polyblastia albida,NA,NA,NA,NA
Polyblastia cupularis,8,4,NA,3
Polyblastia dermatodes,NA,NA,NA,NA
Polyblastia efflorescens,NA,NA,NA,NA
Polyblastia gothica,NA,NA,NA,NA
Polyblastia helvetica,NA,NA,NA,NA
Polyblastia inumbrata,NA,NA,NA,NA
Polyblastia philaea,NA,NA,NA,NA
Polyblastia quartzina,NA,NA,NA,NA
Polyblastia sendtneri,2,1,NA,1
Polyblastia verrucosa,NA,NA,NA,NA
Polychidium muscicola,2,3,2,1
Polycoccum arnoldii,NA,NA,NA,NA
Polycoccum crassum,NA,NA,NA,NA
Polycoccum deformans,NA,NA,NA,NA
Polycoccum dzieduszyckii,NA,NA,NA,NA
Polycoccum kerneri,NA,NA,NA,NA
Polycoccum marmoratum,NA,NA,NA,NA
Polycoccum microcarpum,NA,NA,NA,NA
Polycoccum microsticticum,NA,NA,NA,NA
Polycoccum minutulum,NA,NA,NA,NA
Polycoccum opulentum,NA,NA,NA,NA
Polycoccum peltigerae,NA,NA,NA,NA
Polycoccum pulvinatum,NA,2,NA,NA
Polycoccum squamarioides,NA,NA,NA,NA
Polycoccum stellulatae,NA,NA,NA,NA
Polycoccum trypethelioides,NA,1,NA,NA
Polycoccum ventosicola,NA,NA,NA,NA
Porina aenea,1,1,11,NA
Porina ahlesiana,NA,NA,NA,NA
Porina atlantica,NA,NA,NA,NA
Porina borreri,NA,NA,3,NA
Porina byssophila,7,3,9,NA
Porina chlorotica,4,NA,NA,NA
Porina collina,7,2,1,NA
Porina coralloidea,NA,NA,NA,NA
Porina curnowii,NA,NA,NA,NA
Porina effilata,NA,NA,NA,NA
Porina ginzbergeri,NA,NA,NA,NA
Porina grandis,NA,NA,NA,NA
Porina guentheri,4,NA,NA,NA
Porina hibernica,NA,NA,2,NA
Porina interjungens,NA,NA,NA,NA
Porina lectissima,2,1,4,NA
Porina leptalea,1,1,3,NA
Porina leptospora,NA,NA,NA,NA
Porina linearis,NA,NA,NA,NA
Porina mammillosa,NA,NA,1,NA
Porina multipuncta,3,NA,5,NA
Porina rivalis,NA,NA,NA,NA
Porina rosei,1,NA,8,NA
Porina sudetica,NA,NA,NA,NA
Porocyphus coccodes,NA,NA,NA,NA
Porocyphus kenmorensis,NA,1,NA,1
Porocyphus leptogiella,NA,NA,NA,NA
Porocyphus rehmicus,NA,NA,NA,NA
Porpidia cinereoatra,2,1,1,4
Porpidia contraponenda,7,5,1,4
Porpidia crustulata,25,NA,NA,NA
Porpidia flavicunda,5,10,NA,1
Porpidia flavocruenta,19,4,NA,3
Porpidia hydrophila,4,3,NA,3
Porpidia irrigua,6,5,NA,4
Porpidia islandica,NA,NA,NA,NA
Porpidia lowiana,NA,NA,NA,NA
Porpidia macrocarpa,62,4,3,7
Porpidia melinodes,93,20,NA,9
Porpidia nadvornikiana,NA,NA,NA,NA
Porpidia ochrolemma,NA,NA,NA,NA
Porpidia pachythallina,NA,NA,NA,NA
Porpidia platycarpoides,NA,NA,NA,NA
Porpidia rugosa,2,NA,NA,NA
Porpidia soredizodes,NA,NA,NA,NA
Porpidia striata,2,3,NA,3
Porpidia superba,NA,NA,NA,NA
Porpidia thomsonii,NA,NA,NA,NA
Porpidia tuberculosa,8,NA,1,1
Porpidia zeoroides,NA,NA,NA,NA
Porpidinia tumidula,3,5,NA,NA
Pronectria anisospora,84,4,NA,NA
Pronectria echinulata,NA,NA,NA,NA
Pronectria leptaleae,NA,NA,NA,NA
Pronectria oligospora,NA,NA,NA,NA
Pronectria pertusariicola,NA,NA,NA,NA
Pronectria robergei,NA,2,NA,NA
Pronectria santessonii,NA,NA,NA,NA
Pronectria tenacis,NA,NA,NA,NA
Pronectria tenuispora,NA,NA,NA,NA
Pronectria xanthoriae,NA,NA,NA,NA
Protoblastenia calva,8,4,1,6
Protoblastenia cyclospora,2,NA,NA,2
Protoblastenia incrustans,9,NA,NA,5
Protoblastenia lilacina,9,NA,NA,5
Protoblastenia rupestris,14,NA,NA,5
Protoblastenia siebenhaariana,1,NA,NA,1
Protomicarea alpestris,1,NA,NA,NA
Protomicarea commaculans,NA,NA,NA,NA
Protomicarea limosa,12,6,1,NA
Protopannaria pezizoides,12,3,NA,4
Protoparmelia badia,32,8,4,2
Protoparmelia hypotremella,10,5,4,1
Protoparmelia memnonia,NA,3,NA,1
Protoparmelia montagnei,10,4,NA,NA
Protoparmelia ochrococca,NA,3,NA,NA
Protoparmelia oleagina,4,6,2,1
Protoparmeliopsis achariana,NA,NA,NA,NA
Protoparmeliopsis muralis,29,18,4,12
Protothelenella corrosa,NA,1,1,NA
Protothelenella leucothelia,NA,NA,NA,NA
Protothelenella petri,NA,NA,NA,NA
Protothelenella santessonii,1,4,NA,4
Protounguicularia nephromatis,NA,NA,NA,NA
Psammina filamentosa,NA,NA,NA,NA
Psammina inflata,NA,NA,NA,NA
Psammina lobariae,NA,NA,NA,NA
Psammina palmata,NA,NA,NA,NA
Psammina simplex,NA,NA,NA,NA
Psammina stipitata,NA,NA,NA,NA
Pseudephebe minuscula,30,2,NA,NA
Pseudephebe pubescens,21,4,1,4
Pseudevernia furfuracea,200,26,4,10
Pseudocyphellaria citrina,3,4,NA,NA
Pseudocyphellaria intricata,9,55,10,54
Pseudocyphellaria lacerata,1,17,2,16
Pseudocyphellaria norvegica,3,16,4,14
Pseudoleptogium diffractum,NA,1,1,NA
Pseudorobillarda peltigerae,NA,NA,NA,NA
Pseudoschismatomma rufescens,15,4,4,NA
Pseudoseptoria usneae,NA,NA,NA,NA
Pseudoseptoria usneaeÂ ,NA,NA,NA,NA
Pseudothelomma ocellatum,1,2,3,NA
Psilolechia clavulifera,4,2,2,NA
Psilolechia leprosa,200,3,2,NA
Psilolechia lucida,3,1,NA,NA
Psora decipiens,176,149,18,1
Psora globifera,6,5,NA,NA
Psora rubiformis,5,3,NA,1
Psoroglaena abscondita,200,3,5,1
Psoroglaena biatorella,NA,1,2,NA
Psoroglaena stigonemoides,3,2,2,1
Psoroma hypnorum,18,4,1,2
Psoronactis dilleniana,1,3,NA,NA
Psorotichia schaereri,NA,NA,NA,NA
Pterygiopsis concordatula,NA,NA,NA,NA
Pterygiopsis lacustris,NA,NA,NA,NA
Ptychographa xylographoides,3,4,3,1
Punctelia borreri,23,3,6,6
Punctelia jeckeri,56,2,3,3
Punctelia negata,NA,NA,NA,NA
Punctelia reddenda,NA,NA,NA,NA
Punctelia subrudecta,119,4,6,7
Puttea caesia,1,1,NA,NA
Puttea duplex,NA,NA,NA,NA
Pycnora praestabilis,43,2,2,NA
Pycnora sorophora,3,5,8,1
Pycnora xanthococca,5,3,4,NA
Pycnothelia papillaria,10,6,NA,1
Pyrenidium actinellum,NA,1,NA,NA
Pyrenidium hetairizans,NA,NA,NA,NA
Pyrenocarpon thelostomum,NA,NA,NA,NA
Pyrenochaeta xanthoriae,NA,NA,NA,NA
Pyrenopsis furfurea,NA,NA,NA,NA
Pyrenopsis grumulifera,NA,NA,NA,NA
Pyrenopsis haematina,NA,NA,NA,NA
Pyrenopsis impolita,NA,NA,NA,NA
Pyrenopsis phylliscella,NA,NA,NA,NA
Pyrenopsis subareolata,NA,NA,NA,NA
Pyrenula acutispora,NA,NA,NA,NA
Pyrenula chlorospila,NA,5,4,NA
Pyrenula coryli,1,1,NA,NA
Pyrenula dermatodes,1,1,NA,NA
Pyrenula hibernica,NA,NA,NA,NA
Pyrenula laevigata,7,NA,4,NA
Pyrenula macrospora,NA,NA,NA,NA
Pyrenula nitida,6,NA,2,NA
Pyrenula nitidella,3,NA,1,NA
Pyrenula occidentalis,2,2,4,NA
Pyrrhospora cinnabarina,NA,NA,NA,NA
Pyrrhospora quernea,3,1,NA,NA
Pyrrhospora rubiginans,NA,NA,NA,NA
Pyxine sorediata,NA,NA,NA,NA
Raciborskiomyces peltigericola,NA,NA,NA,NA
Racodium rupestre,11,4,2,3
Raesaenenia huuskonenii,3,4,NA,NA
Ramalina calicaris,1,3,NA,NA
Ramalina canariensis,6,8,7,1
Ramalina capitata,7,5,NA,NA
Ramalina chondrina,4,1,2,2
Ramalina cuspidata,14,17,NA,9
Ramalina dilacerata,1,NA,NA,NA
Ramalina farinacea,97,346,2,NA
Ramalina fastigiata,14,13,3,1
Ramalina fraxinea,41,55,8,50
Ramalina lacera,5,30,NA,2
Ramalina pollinaria,6,NA,NA,2
Ramalina polymorpha,4,NA,NA,1
Ramalina portuensis,7,1,NA,NA
Ramalina siliquosa,19,37,7,5
Ramalina subfarinacea,5,10,NA,NA
Ramalina thrausta,NA,NA,NA,NA
Ramboldia insidiosa,NA,NA,NA,NA
Ramonia calcicola,NA,NA,NA,NA
Ramonia melathelia,NA,1,1,NA
Randlanea usneicola,NA,NA,NA,NA
Reconditella physconiarum,NA,NA,NA,NA
Refractohilum achromaticum,NA,NA,NA,NA
Refractohilum galligenum,NA,NA,NA,NA
Refractohilum peltigerae,NA,NA,NA,NA
Refractohilum pluriseptatum,NA,NA,NA,NA
Reichlingia anombrophila,NA,NA,3,NA
Reichlingia dendritica,NA,NA,1,NA
Reichlingia leopoldii,3,2,2,NA
Reichlingia zwackhii,1,1,2,NA
Rhagadostoma lichenicola,2,NA,NA,NA
Rhagadostoma rugosum,NA,NA,NA,NA
Rhagadostoma verrucariarum,NA,NA,NA,NA
Rhaphidicyrtis trichosporella,1,3,NA,NA
Rhexophiale rhexoblephara,NA,1,1,NA
Rhizocarpon advenulum,NA,NA,NA,NA
Rhizocarpon alpicola,1,NA,NA,NA
Rhizocarpon amphibium,1,NA,1,NA
Rhizocarpon anaperum,NA,NA,NA,NA
Rhizocarpon atroalbescens,NA,NA,NA,NA
Rhizocarpon badioatrum,6,14,7,NA
Rhizocarpon caeruleoalbum,NA,NA,NA,NA
Rhizocarpon caesium,NA,NA,NA,NA
Rhizocarpon chioneum,1,NA,NA,1
Rhizocarpon cinereonigrum,1,1,NA,NA
Rhizocarpon cinereovirens,NA,NA,NA,NA
Rhizocarpon copelandii,5,3,1,NA
Rhizocarpon disporum,NA,NA,NA,NA
Rhizocarpon distinctum,5,1,2,NA
Rhizocarpon expallescens,NA,NA,NA,NA
Rhizocarpon ferax,NA,NA,NA,NA
Rhizocarpon furfurosum,NA,NA,NA,NA
Rhizocarpon geminatum,12,1,3,1
Rhizocarpon geographicum,200,2,1,NA
Rhizocarpon grande,NA,NA,NA,NA
Rhizocarpon hochstetteri,5,NA,NA,NA
Rhizocarpon inarense,14,2,NA,NA
Rhizocarpon infernulum,NA,1,1,NA
Rhizocarpon intermediellum,3,NA,NA,NA
Rhizocarpon intersitum,NA,NA,NA,NA
Rhizocarpon jemtlandicum,5,NA,NA,NA
Rhizocarpon lavatum,6,NA,1,NA
Rhizocarpon lecanorinum,NA,NA,NA,NA
Rhizocarpon ochrolechiae,NA,NA,NA,NA
Rhizocarpon petraeum,6,NA,1,NA
Rhizocarpon polycarpum,10,NA,1,NA
Rhizocarpon postumum,NA,NA,NA,NA
Rhizocarpon reductum,2,1,2,NA
Rhizocarpon richardii,NA,NA,NA,NA
Rhizocarpon ridescens,4,NA,NA,NA
Rhizocarpon roridulum,NA,NA,NA,NA
Rhizocarpon rubescens,NA,NA,NA,NA
Rhizocarpon simillimum,NA,NA,NA,NA
Rhizocarpon sinense,NA,1,NA,NA
Rhizocarpon subgeminatum,2,2,NA,NA
Rhizocarpon sublavatum,NA,NA,NA,NA
Rhizocarpon submodestum,NA,NA,NA,NA
Rhizocarpon subpostumum,NA,NA,NA,NA
Rhizocarpon superficiale,2,NA,1,NA
Rhizocarpon timdalii,NA,NA,NA,NA
Rhizocarpon umbilicatum,NA,NA,NA,NA
Rhizocarpon viridiatrum,1,NA,NA,NA
Rhizodiscina lignyota,NA,NA,NA,NA
Rhymbocarpus cruciatus,NA,NA,NA,NA
Rhymbocarpus ericetorum,NA,NA,NA,NA
Rhymbocarpus neglectus,NA,NA,NA,NA
Rhymbocarpus pubescens,NA,NA,NA,NA
Ricasolia amplissima,16,12,11,1
Ricasolia virens,24,4,7,NA
Rimularia badioatra,NA,2,1,NA
Rimularia intercedens,4,5,2,NA
Rimularia limborina,1,3,1,1
Rinodina alba,NA,NA,NA,NA
Rinodina archaea,NA,NA,NA,NA
Rinodina aspersa,3,NA,1,NA
Rinodina atrocinerea,1,NA,1,NA
Rinodina beccariana,NA,NA,NA,NA
Rinodina bischoffii,3,NA,1,NA
Rinodina calcarea,NA,NA,1,NA
Rinodina cinnamomea,NA,1,1,1
Rinodina colobinoides,NA,NA,NA,NA
Rinodina confragosa,2,NA,NA,NA
Rinodina conradii,NA,NA,NA,NA
Rinodina efflorescens,9,2,NA,1
Rinodina exigua,4,3,5,NA
Rinodina fimbriata,1,2,1,NA
Rinodina flavosoralifera,NA,NA,NA,NA
Rinodina freyi,62,2,5,NA
Rinodina furfuracea,3,1,NA,NA
Rinodina griseosoralifera,4,2,5,NA
Rinodina immersa,NA,NA,NA,NA
Rinodina intermedia,NA,NA,NA,NA
Rinodina interpolata,NA,NA,NA,NA
Rinodina isidioides,1,1,2,NA
Rinodina laevigata,NA,NA,NA,NA
Rinodina luridescens,2,NA,NA,NA
Rinodina milvina,1,NA,NA,NA
Rinodina mniaraeiza,NA,NA,NA,NA
Rinodina occulta,NA,NA,NA,NA
Rinodina oleae,9,1,2,1
Rinodina orculariopsis,NA,NA,NA,NA
Rinodina parasitica,NA,NA,NA,NA
Rinodina pityrea,200,4,13,NA
Rinodina pyrina,200,1,3,NA
Rinodina roboris,5,NA,2,NA
Rinodina sophodes,4,1,3,NA
Rinodina subpariata,7,2,3,NA
Rinodina teichophila,NA,NA,1,NA
Roccella fuciformis,NA,NA,NA,NA
Roccella phycopsis,1,NA,NA,NA
Roccellographa circumscripta,NA,NA,NA,NA
Roesleria subterranea,1,NA,NA,NA
Romjularia lurida,2,1,NA,NA
Ropalospora hibernica,NA,NA,NA,NA
Ropalospora lugubris,13,5,1,1
Ropalospora viridis,5,5,5,NA
Roselliniella atlantica,NA,NA,NA,NA
Roselliniella cladoniae,NA,NA,NA,NA
Roselliniella microthelia,NA,NA,NA,NA
Roselliniella nephromatis,NA,NA,NA,NA
Roselliniella stereocaulorum,NA,NA,NA,NA
Roselliniopsis gelidaria,NA,NA,NA,NA
Roselliniopsis tartaricola,NA,NA,NA,NA
Roselliniopsis ventosa,NA,NA,NA,NA
Rosellinula haplospora,NA,NA,NA,NA
Rostania ceranisca,NA,NA,8,NA
Rostania effusa,NA,NA,7,NA
Rostania occultata,NA,NA,36,NA
Sagedia simoensis,2,12,7,6
Sagedia zonata,17,17,1,10
Sagediopsis aquatica,NA,NA,NA,NA
Sagediopsis barbara,NA,NA,NA,NA
Sagediopsis campsteriana,NA,NA,NA,NA
Sagediopsis lomnitzensis,NA,NA,NA,NA
Sagiolechia protuberans,2,1,1,1
Sarcogyna cyclocarpa,NA,NA,NA,NA
Sarcogyne clavus,9,3,NA,2
Sarcogyne cyclocarpa,NA,NA,NA,NA
Sarcogyne hypophaea,4,5,2,2
Sarcogyne oceanica,6,1,NA,NA
Sarcogyne regularis,200,26,23,2
Sarcopyrenia beckhausiana,NA,NA,NA,NA
Sarcopyrenia cylindrospora,NA,NA,NA,NA
Sarcopyrenia geisleri,NA,NA,NA,NA
Sarcosagium campestre,2,2,NA,NA
Sarea difformis,NA,NA,NA,NA
Sarea resinae,3,NA,NA,NA
Schadonia fecunda,NA,NA,NA,NA
Schaereria cinereorufa,NA,2,NA,1
Schaereria corticola,NA,NA,2,NA
Schaereria fuscocinerea,2,1,1,2
Schismatomma ricasolii,1,2,2,NA
Schismatomma umbrinum,NA,NA,NA,NA
Schizotrema quercicola,NA,NA,3,NA
Sclerococcum amygdalariae,NA,NA,NA,NA
Sclerococcum athallinum,NA,NA,NA,NA
Sclerococcum attendendum,NA,NA,NA,NA
Sclerococcum australe,NA,NA,NA,NA
Sclerococcum frigidum,NA,NA,NA,NA
Sclerococcum griseisporodochium,NA,NA,NA,NA
Sclerococcum lobariellum,NA,4,3,NA
Sclerococcum microsporum,NA,NA,NA,NA
Sclerococcum montagnei,NA,NA,NA,NA
Sclerococcum ophthalmizae,NA,NA,NA,NA
Sclerococcum parasitaster,NA,NA,NA,NA
Sclerococcum parasiticum,2,10,6,1
Sclerococcum parellarium,NA,NA,NA,NA
Sclerococcum phaeophysciae,NA,NA,NA,NA
Sclerococcum purpurascens,NA,NA,NA,NA
Sclerococcum saxatile,NA,NA,NA,NA
Sclerococcum simplex,NA,NA,NA,NA
Sclerococcum suburceolatum,NA,NA,NA,NA
Sclerococcum tegularum,NA,NA,NA,NA
Sclerococcum tephromelarum,NA,NA,NA,NA
Sclerococcum urceolatum,NA,NA,NA,NA
Sclerophora farinacea,7,4,2,2
Sclerophora pallida,1,NA,4,NA
Sclerophora peronella,10,5,3,1
Scoliciosporum chlorococcum,200,2,3,NA
Scoliciosporum curvatum,66,2,1,NA
Scoliciosporum intrusum,NA,NA,NA,NA
Scoliciosporum pruinosum,NA,NA,NA,NA
Scoliciosporum sarothamni,200,2,2,NA
Scoliciosporum umbrinum,113,5,NA,2
Scutula circumspecta,4,5,2,NA
Scutula dedicata,NA,NA,NA,NA
Scutula effusa,5,2,2,NA
Scutula epiblastematica,NA,1,NA,1
Scutula heeri,NA,NA,NA,NA
Scutula miliaris,NA,NA,NA,NA
Scutula tuberculosa,NA,NA,NA,NA
Scytinium biatorinum,NA,NA,NA,NA
Scytinium callopismum,NA,NA,1,NA
Scytinium fragile,NA,NA,NA,NA
Scytinium fragrans,NA,NA,2,NA
Scytinium gelatinosum,1,1,NA,NA
Scytinium imbricatum,NA,1,1,NA
Scytinium intermedium,NA,NA,NA,NA
Scytinium lichenoides,2,2,9,NA
Scytinium magnussonii,1,NA,4,NA
Scytinium massiliense,NA,NA,NA,NA
Scytinium palmatum,NA,NA,NA,NA
Scytinium parvum,NA,1,2,NA
Scytinium plicatile,NA,2,3,NA
Scytinium pulvinatum,NA,NA,NA,NA
Scytinium schraderi,NA,NA,NA,NA
Scytinium subtile,11,3,6,1
Scytinium subtorulosum,NA,NA,NA,NA
Scytinium tenuissimum,NA,NA,NA,NA
Scytinium teretiusculum,1,2,1,NA
Scytinium turgidum,NA,NA,NA,NA
Scytonema hofmannii,NA,NA,NA,NA
Secoliga jenensis,NA,3,1,NA
Secoliga macrospora,NA,NA,NA,NA
Seuratia millardetii,NA,NA,NA,NA
Siphula ceratites,6,1,1,1
Skyttea buelliae,NA,NA,NA,NA
Skyttea caesii,NA,NA,NA,NA
Skyttea elachistophora,NA,1,NA,NA
Skyttea gregaria,NA,NA,NA,NA
Skyttea lecanorae,NA,1,NA,1
Skyttea megalosporae,NA,NA,NA,NA
Skyttea nitschkei,NA,1,NA,1
Skyttea pyrenulae,NA,1,NA,1
Skyttea tephromelarum,NA,NA,NA,NA
Skyttea viridis,NA,NA,NA,NA
Skyttella mulleri,NA,NA,NA,NA
Snippocia nivea,NA,NA,1,NA
Solenopsora candicans,59,86,NA,31
Solenopsora holophaea,1,3,NA,1
Solenopsora liparina,6,8,NA,3
Solenopsora vulturiensis,14,5,NA,4
Solorina bispora,NA,NA,NA,NA
Solorina crocea,NA,1,NA,NA
Solorina saccata,2,4,NA,NA
Sparria endlicheri,NA,NA,NA,NA
Sphaerellothecium araneosum,NA,NA,NA,NA
Sphaerellothecium cinerascens,NA,NA,NA,NA
Sphaerellothecium cladoniae,NA,NA,NA,NA
Sphaerellothecium icmadophilae,NA,NA,NA,NA
Sphaerellothecium minutum,NA,NA,NA,NA
Sphaerellothecium parietinarium,NA,NA,NA,NA
Sphaerellothecium propinquellum,NA,NA,NA,NA
Sphaerellothecium pumilum,NA,NA,NA,NA
Sphaerellothecium siphulae,NA,NA,NA,NA
Sphaerellothecium thamnoliae,NA,NA,NA,NA
Sphaeropezia pertusariae,NA,NA,NA,NA
Sphaerophorus fragilis,1,3,NA,1
Sphaerophorus globosus,9,7,3,3
Sphaerulina dolichotera,NA,NA,NA,NA
Sphaerulina dubiella,NA,NA,NA,NA
Sphinctrina anglica,2,1,2,NA
Sphinctrina leucopoda,NA,NA,NA,NA
Sphinctrina tubiformis,1,1,2,NA
Sphinctrina turbinata,5,5,2,NA
Spiloma auratum,NA,NA,NA,NA
Spilonema paradoxum,NA,NA,NA,1
Spilonema revertens,NA,NA,NA,NA
Spirographa ciliata,NA,NA,NA,NA
Spirographa fusisporella,2,NA,NA,NA
Spirographa giselae,NA,NA,NA,NA
Spirographa lichenicola,NA,NA,NA,NA
Spirographa pyramidalis,NA,NA,NA,NA
Spirographa triangularis,NA,NA,NA,NA
Spirographa tricupulata,NA,NA,NA,NA
Spirographa vinosa,NA,NA,NA,NA
Splanchnonema scoriadea,NA,NA,NA,NA
Sporastatia polyspora,NA,NA,NA,NA
Sporastatia testudinea,NA,NA,NA,NA
Sporodictyon cruentum,10,5,NA,6
Sporodictyon schaererianum,35,25,1,25
Sporodictyon terrestre,58,13,NA,16
Sporodophoron cretaceum,1,NA,2,NA
Sporormiella intermedia,200,NA,NA,NA
Sporostatia testudinea,NA,NA,NA,NA
Squamarina cartilaginea,NA,2,1,1
Squamarina lentigera,NA,2,NA,NA
Staurothele arctica,NA,NA,NA,NA
Staurothele areolata,6,NA,NA,NA
Staurothele bacilligera,NA,NA,NA,NA
Staurothele caesia,1,NA,NA,NA
Staurothele fissa,4,10,4,1
Staurothele frustulenta,NA,2,1,NA
Staurothele geoica,NA,NA,NA,NA
Staurothele guestphalica,NA,NA,NA,NA
Staurothele rufa,NA,1,1,NA
Staurothele rupifraga,NA,1,NA,NA
Steinia geophana,3,NA,2,NA
Stenocybe nitida,NA,NA,NA,NA
Stenocybe pullatula,2,2,2,NA
Stenocybe septata,NA,1,1,NA
Stereocaulon alpinum,99,7,NA,2
Stereocaulon botryosum,1,NA,NA,NA
Stereocaulon condensatum,1,1,1,NA
Stereocaulon cumulatum,14,4,NA,1
Stereocaulon dactylophyllum,NA,NA,NA,NA
Stereocaulon delisei,3,NA,NA,NA
Stereocaulon evolutum,2,1,NA,NA
Stereocaulon glareosum,1,NA,NA,NA
Stereocaulon leucophaeopsis,2,NA,NA,NA
Stereocaulon nanodes,32,2,NA,2
Stereocaulon pileatum,8,3,NA,NA
Stereocaulon plicatile,2,NA,NA,NA
Stereocaulon saxatile,6,NA,NA,NA
Stereocaulon symphycheilum,1,3,NA,NA
Stereocaulon tomentosum,115,2,NA,1
Stereocaulon tornense,1,NA,NA,NA
Stereocaulon vesuvianum,50,NA,NA,NA
Sticta atlantica,3,19,2,2
Sticta canariensis,6,6,2,6
Sticta ciliata,2,13,1,7
Sticta fuliginoides,11,14,NA,5
Sticta fuliginosa,5,NA,1,8
Sticta limbata,2,10,1,6
Sticta sylvatica,3,10,1,4
Stictis mollis,1,NA,1,NA
Stictographa lentiginosa,NA,2,2,NA
Stigmidium aggregatum,NA,NA,NA,NA
Stigmidium arthoniae,NA,NA,NA,NA
Stigmidium buelliae,NA,NA,NA,NA
Stigmidium clauzadei,NA,NA,NA,NA
Stigmidium congestum,NA,NA,NA,NA
Stigmidium degelii,NA,NA,NA,NA
Stigmidium ephebes,NA,NA,NA,NA
Stigmidium epiramalina,NA,NA,NA,NA
Stigmidium epistigmellum,NA,NA,NA,NA
Stigmidium eucline,NA,NA,NA,NA
Stigmidium fuscatae,NA,NA,NA,NA
Stigmidium gyrophorarum,NA,NA,NA,NA
Stigmidium hageniae,NA,NA,NA,NA
Stigmidium lecidellae,NA,NA,NA,NA
Stigmidium leucophlebiae,NA,NA,NA,NA
Stigmidium marinum,NA,NA,NA,NA
Stigmidium microspilum,NA,NA,NA,NA
Stigmidium mitchellii,NA,NA,NA,NA
Stigmidium mycobilimbiae,NA,NA,NA,NA
Stigmidium peltideae,NA,NA,NA,NA
Stigmidium placynthii,NA,NA,NA,NA
Stigmidium punctillum,NA,NA,NA,NA
Stigmidium rivulorum,NA,NA,NA,NA
Stigmidium solorinarium,NA,NA,NA,NA
Stigmidium subcladoniicola,NA,NA,NA,NA
Stigmidium superpositum,NA,NA,NA,NA
Stigmidium tabacinae,NA,NA,NA,NA
Stigmidium tetrasporum,NA,NA,NA,NA
Stigmidium xanthoparmeliarum,NA,NA,NA,NA
Strangospora deplanata,NA,NA,NA,NA
Strangospora microhaema,NA,NA,NA,NA
Strangospora moriformis,200,3,1,NA
Strangospora pinicola,NA,1,1,NA
Strigula affinis,NA,NA,NA,NA
Swinscowia alpestris,NA,NA,NA,NA
Swinscowia calcarea,NA,NA,NA,NA
Swinscowia confusa,NA,NA,NA,NA
Swinscowia jamesii,3,3,4,NA
Swinscowia muscicola,NA,NA,NA,NA
Swinscowia stigmatella,2,2,4,NA
Swinscowia tagananae,NA,NA,NA,NA
Swinscowia thelopsidoides,NA,NA,NA,NA
Synalissa ramulosa,NA,1,NA,NA
Synarthonia astroidestera,NA,NA,2,NA
Synarthonia ochracea,1,NA,1,NA
Syncesia myrticola,12,9,NA,NA
Taeniolella arthoniae,NA,NA,NA,NA
Taeniolella cladinicola,NA,NA,NA,NA
Taeniolella delicata,NA,NA,NA,NA
Taeniolella pertusariicola,NA,NA,NA,NA
Taeniolella phaeophysciae,NA,NA,NA,NA
Taeniolella punctata,NA,4,2,NA
Taeniolella rolfii,NA,NA,NA,NA
Taeniolella toruloides,NA,2,1,NA
Taeniolina scripta,NA,NA,NA,NA
Talpapellis beschiana,NA,NA,NA,NA
Telogalla olivieri,NA,NA,NA,NA
Teloschistes chrysophthalmos,1,2,2,3
Teloschistes flavicans,1,NA,NA,NA
Tephromela atra,173,3,NA,NA
Tephromela grumosa,12,1,NA,NA
Tephromela pertusarioides,NA,NA,NA,1
Tetramelas insignis,4,NA,NA,NA
Tetramelas papillatus,NA,NA,NA,NA
Tetramelas pulverulentus,4,NA,NA,NA
Thalloidima candidum,4,NA,NA,NA
Thalloidima diffractum,2,4,1,NA
Thalloidima opuntioides,2,9,4,NA
Thalloidima physaroides,20,7,4,NA
Thalloidima rosulatum,4,1,1,NA
Thalloidima sedifolium,7,21,10,NA
Thalloidima squamatum,NA,11,8,NA
Thamnogalla crombiei,3,6,NA,6
Thamnolia vermicularis,8,53,2,52
Thelenella larbalestieri,NA,NA,NA,NA
Thelenella modesta,1,1,2,NA
Thelenella muscorum,5,2,4,NA
Thelidium decipiens,1,1,NA,1
Thelidium dionantense,NA,NA,NA,NA
Thelidium fontigenum,NA,NA,NA,NA
Thelidium fumidum,NA,5,NA,NA
Thelidium incavatum,1,6,NA,NA
Thelidium methorium,159,6,3,3
Thelidium minutulum,6,7,1,2
Thelidium papulare,91,4,3,1
Thelidium pluvium,NA,6,1,3
Thelidium pyrenophorum,1,1,NA,1
Thelidium rehmii,13,3,NA,3
Thelidium submethorium,1,1,NA,1
Thelidium zwackhii,1,3,1,1
Thelocarpon coccosporum,NA,NA,NA,NA
Thelocarpon epibolum,1,1,2,NA
Thelocarpon impressellum,NA,1,2,NA
Thelocarpon intermediellum,34,2,4,NA
Thelocarpon laureri,NA,1,1,NA
Thelocarpon lichenicola,NA,1,2,NA
Thelocarpon magnussonii,NA,NA,NA,NA
Thelocarpon olivaceum,NA,NA,NA,NA
Thelocarpon opertum,NA,NA,NA,NA
Thelocarpon pallidum,NA,NA,NA,NA
Thelocarpon robustum,NA,NA,NA,NA
Thelocarpon saxicola,NA,NA,NA,NA
Thelocarpon strasseri,NA,NA,NA,NA
Thelocarpon superellum,NA,NA,NA,NA
Thelopsis corticola,NA,4,NA,NA
Thelopsis isiaca,NA,NA,NA,NA
Thelopsis rubella,1,4,4,NA
Thelotrema lepadinum,9,8,4,NA
Thelotrema lueckingii,NA,NA,NA,NA
Thelotrema macrosporum,1,2,1,NA
Thelotrema petractoides,NA,NA,NA,NA
Thelotrema subtile,NA,NA,NA,NA
Thermutis velutina,NA,NA,NA,NA
Thrombium epigaeum,NA,NA,1,1
Toensbergia geminipara,NA,NA,NA,NA
Toensbergia leucococca,12,3,3,NA
Tomasellia diffusa,NA,NA,NA,NA
Tomasellia gelatinosa,NA,NA,NA,NA
Toninia aromatica,NA,NA,NA,NA
Toninia plumbina,1,NA,NA,NA
Toninia squalida,10,5,1,NA
Toninia subfuscae,NA,NA,NA,NA
Toninia thiopsora,NA,NA,1,NA
Toninia verrucariae,NA,NA,NA,NA
Toniniopsis aromatica,8,3,1,NA
Toniniopsis bagliettoana,5,4,1,NA
Toniniopsis coelestina,2,1,1,NA
Toniniopsis coprodes,NA,NA,NA,NA
Toniniopsis fusispora,NA,NA,NA,NA
Toniniopsis inornata,NA,NA,NA,NA
Toniniopsis mesoidea,NA,NA,NA,NA
Toniniopsis separabilis,28,17,14,NA
Toniniopsis separablis,NA,NA,NA,NA
Toniniopsis verrucarioides,2,2,NA,NA
Topeliopsis azorica,NA,NA,NA,NA
Tornabea scutellifera,2,1,NA,1
Trapelia coarctata,16,17,12,12
Trapelia collaris,NA,NA,2,NA
Trapelia corticola,7,3,2,NA
Trapelia elacista,9,NA,6,NA
Trapelia glebulosa,16,NA,NA,6
Trapelia involuta,NA,6,2,NA
Trapelia obtegens,133,4,2,3
Trapelia placodioides,3,7,3,NA
Trapelia sitiens,5,NA,1,NA
Trapeliopsis aeneofusca,NA,NA,2,NA
Trapeliopsis flexuosa,200,4,4,NA
Trapeliopsis gelatinosa,9,NA,3,1
Trapeliopsis glaucolepidea,14,8,2,NA
Trapeliopsis granulosa,100,14,9,3
Trapeliopsis percrenata,NA,NA,2,NA
Trapeliopsis pseudogranulosa,11,3,3,1
Trapeliopsis viridescens,1,1,3,NA
Trapeliopsis wallrothii,NA,1,1,NA
Traponora varians,NA,NA,NA,NA
Tremella aspiciliae,NA,NA,NA,NA
Tremella caloplacae,NA,1,NA,NA
Tremella candelariellae,1,1,NA,NA
Tremella cetrariicola,NA,NA,NA,NA
Tremella cladoniae,43,NA,NA,NA
Tremella conidiopunctelia,NA,NA,NA,NA
Tremella coppinsii,1,NA,NA,NA
Tremella hypogymniae,8,NA,NA,NA
Tremella imshaugii,NA,NA,NA,NA
Tremella lichenicola,NA,NA,NA,NA
Tremella lobariacearum,7,NA,NA,NA
Tremella macrobasidiata,NA,4,NA,NA
Tremella normandinae,NA,NA,NA,NA
Tremella occultixanthoriae,NA,NA,NA,NA
Tremella parietinae,NA,NA,NA,NA
Tremella parmeliarum,NA,NA,NA,NA
Tremella pertusae,NA,NA,NA,NA
Tremella pertusariae,NA,NA,NA,NA
Tremella phaeographidis,NA,NA,NA,NA
Tremella phaeophysciae,2,NA,NA,NA
Tremella protoparmeliae,NA,NA,NA,NA
Tremella ramalinae,NA,NA,NA,NA
Tremella rhizocarpicola,NA,NA,NA,NA
Tremella tubulosae,NA,NA,NA,NA
Tremella tuckerae,NA,NA,NA,NA
Tremolecia atrata,6,4,1,NA
Trentepohlia jolithus,NA,NA,NA,NA
Trichoconis lichenicola,NA,NA,NA,NA
Trichonectria hirta,NA,NA,NA,NA
Trichonectria pertusariae,NA,NA,NA,NA
Trichosphaeria lichenum,NA,NA,NA,NA
Trichothecium roseum,69,26,NA,8
Trimmatothele perquisita,1,1,NA,1
Trimmatothelopsis benedarensis,NA,NA,NA,NA
Trimmatothelopsis rhizobola,4,2,2,2
Tuckermannopsis chlorophylla,200,25,14,1
Tylophoron hibernicum,NA,NA,1,NA
Tylothallia biformigera,1,1,1,NA
Umbilicaria arctica,3,NA,NA,NA
Umbilicaria crustulosa,11,1,NA,NA
Umbilicaria cylindrica,45,14,NA,12
Umbilicaria decussata,2,NA,NA,NA
Umbilicaria deusta,11,3,NA,1
Umbilicaria grisea,NA,NA,NA,NA
Umbilicaria hirsuta,4,3,NA,NA
Umbilicaria hyperborea,5,4,1,3
Umbilicaria leiocarpa,NA,NA,NA,NA
Umbilicaria nylanderiana,118,5,NA,1
Umbilicaria polyphylla,7,22,2,6
Umbilicaria polyrrhiza,1,NA,NA,NA
Umbilicaria proboscidea,7,NA,NA,3
Umbilicaria rigida,2,NA,NA,NA
Umbilicaria torrefacta,9,2,NA,1
Umbilicaria vellea,3,NA,NA,NA
Umbilicaria virginis,1,NA,NA,NA
Unguiculariopsis lesdainii,NA,NA,NA,NA
Unguiculariopsis lettaui,4,4,NA,4
Unguiculariopsis manriquei,NA,NA,NA,NA
Unguiculariopsis refractiva,NA,NA,NA,NA
Unguiculariopsis thallophila,NA,3,NA,1
Usnea arianae,6,NA,NA,NA
Usnea articulata,4,1,NA,NA
Usnea baileyi,NA,NA,NA,NA
Usnea barbata,8,22,2,19
Usnea ceratina,5,3,NA,3
Usnea cornuta,9,2,NA,NA
Usnea dasopoga,200,11,2,6
Usnea esperantiana,5,6,NA,NA
Usnea flammea,7,1,1,NA
Usnea flavocardia,6,NA,NA,NA
Usnea florida,10,4,NA,4
Usnea fragilescens,3,1,NA,NA
Usnea fulvoreagens,4,NA,NA,4
Usnea glabrata,13,2,2,NA
Usnea glabrescens,8,13,NA,9
Usnea hirta,31,3,2,NA
Usnea perplexans,1,NA,NA,NA
Usnea praetervisa,NA,3,NA,3
Usnea rubicunda,4,1,NA,NA
Usnea silesiaca,1,1,NA,1
Usnea subfloridana,44,NA,1,7
Usnea subpectinata,NA,NA,NA,NA
Usnea subscabrosa,NA,NA,NA,NA
Usnea wasmuthii,25,25,1,11
Vahliella atlantica,NA,NA,NA,NA
Vahliella leucophaea,4,3,3,1
Varicellaria hemisphaerica,3,15,18,NA
Varicellaria lactea,NA,10,8,NA
Varicellaria rhodocarpa,1,NA,NA,NA
Varicellaria velata,NA,NA,NA,NA
Verrucaria acrotella,NA,NA,NA,NA
Verrucaria aethiobola,25,NA,NA,2
Verrucaria ahtii,101,11,NA,11
Verrucaria alpicola,18,21,8,11
Verrucaria anziana,18,10,4,7
Verrucaria aquatilis,NA,NA,NA,NA
Verrucaria aranensis,NA,NA,NA,NA
Verrucaria bryoctona,16,4,8,NA
Verrucaria bulgarica,NA,NA,NA,NA
Verrucaria cernaensis,2,17,5,2
Verrucaria ceuthocarpa,NA,NA,NA,1
Verrucaria coerulea,4,3,NA,3
Verrucaria consociata,1,1,NA,NA
Verrucaria conturmatula,NA,NA,NA,NA
Verrucaria degelii,7,6,1,1
Verrucaria devensis,8,4,2,5
Verrucaria ditmarsica,NA,2,NA,1
Verrucaria dolosa,52,9,3,7
Verrucaria elaeina,3,11,6,2
Verrucaria elaeomelaena,34,5,NA,23
Verrucaria funckii,12,41,3,10
Verrucaria fusconigrescens,NA,NA,NA,NA
Verrucaria halizoa,NA,NA,NA,NA
Verrucaria hochstetteri,25,NA,NA,NA
Verrucaria humida,9,5,NA,5
Verrucaria hydrophila,31,16,5,16
Verrucaria internigrescens,NA,NA,NA,NA
Verrucaria knowlesiae,NA,NA,NA,NA
Verrucaria lapidicola,200,6,NA,2
Verrucaria latebrosa,14,12,7,4
Verrucaria macrostoma,1,5,1,2
Verrucaria madida,NA,1,NA,1
Verrucaria margacea,18,17,3,9
Verrucaria muralis,200,7,4,4
Verrucaria murina,NA,NA,NA,NA
Verrucaria nigrescens,20,11,2,5
Verrucaria nodosa,5,2,NA,4
Verrucaria obfuscans,NA,NA,NA,NA
Verrucaria ochrostoma,NA,1,NA,NA
Verrucaria pachyderma,NA,3,2,1
Verrucaria pallidomurina,NA,NA,NA,NA
Verrucaria phaeosperma,NA,NA,NA,NA
Verrucaria placida,5,6,2,6
Verrucaria policensis,NA,NA,NA,NA
Verrucaria polysticta,3,2,NA,1
Verrucaria praetermissa,14,8,3,5
Verrucaria prominula,NA,NA,NA,NA
Verrucaria romeana,1,1,NA,1
Verrucaria rosula,9,5,1,7
Verrucaria sandstedei,NA,NA,NA,NA
Verrucaria simplex,NA,NA,NA,NA
Verrucaria sublobulata,5,3,NA,1
Verrucaria submersella,1,1,1,2
Verrucaria tephromela,2,NA,NA,NA
Verrucaria trabalis,2,2,2,NA
Verrucaria viridula,2,13,1,13
Verrucaria vitikainenii,63,6,NA,6
Verrucaria xyloxena,NA,3,NA,NA
Verrucoccum coppinsii,NA,NA,NA,NA
Verrucocladosporium dirinae,154,5,NA,2
Verrucula helvetica,NA,NA,NA,NA
Verrucula latericola,NA,NA,NA,NA
Verrucula maritimaria,NA,NA,NA,NA
Verruculopsis flavescentaria,NA,NA,NA,NA
Vestergrenopsis elaeina,NA,NA,NA,NA
Vezdaea acicularis,NA,NA,NA,NA
Vezdaea aestivalis,3,3,6,NA
Vezdaea cobria,NA,1,1,NA
Vezdaea leprosa,1,2,1,NA
Vezdaea retigera,1,1,NA,NA
Vezdaea rheocarpa,1,1,NA,NA
Vezdaea stipitata,NA,NA,NA,NA
Violella fucata,102,6,NA,4
Vouauxiella lichenicola,NA,NA,NA,NA
Vouauxiella verrucosa,NA,NA,NA,NA
Vouauxiomyces ramalinae,NA,NA,NA,NA
Vouauxiomyces santessonii,NA,NA,NA,NA
Vouauxiomyces truncatus,NA,NA,NA,NA
Vulpicida juniperinus,19,18,4,16
Vulpicida pinastri,106,9,9,7
Wadeana dendrographa,1,1,NA,NA
Wadeana minuta,NA,NA,NA,NA
Wahlenbergiella mucosa,3,4,1,2
Wahlenbergiella striatula,NA,NA,NA,NA
Watsoniomyces obsoletus,2,4,2,NA
Weddellomyces aspiciliicola,NA,NA,NA,NA
Weddellomyces epicallopisma,NA,NA,NA,NA
Weddellomyces macrosporus,NA,NA,NA,NA
Weddellomyces periphericus,NA,NA,NA,NA
Wentiomyces lichenicola,NA,NA,NA,NA
Xanthoparmelia conspersa,5,3,2,4
Xanthoparmelia delisei,1,1,2,1
Xanthoparmelia loxodes,8,10,1,5
Xanthoparmelia luteonotata,NA,2,NA,NA
Xanthoparmelia mougeotii,2,2,2,1
Xanthoparmelia perrugata,NA,NA,NA,NA
Xanthoparmelia protomatrae,2,3,2,1
Xanthoparmelia pulla,50,8,2,2
Xanthoparmelia somloÃ«nsis,NA,NA,NA,NA
Xanthoparmelia taractica,NA,NA,NA,NA
Xanthoparmelia tinctina,6,5,3,5
Xanthoparmelia verruculifera,2,1,NA,NA
Xanthoria aureola,15,10,2,13
Xanthoria calcicola,9,11,6,6
Xanthoria candelaria,9,7,11,6
Xanthoria elegans,42,12,2,13
Xanthoria fulva,5,5,4,3
Xanthoria parietina,200,80,7,60
Xanthoria polycarpa,5,5,9,5
Xanthoria ucrainica,1,NA,2,NA
Xanthoria ulophyllodes,4,5,7,3
Xanthoriicola physciae,NA,11,NA,NA
Xenonectriella calabrica,NA,NA,NA,NA
Xenonectriella fissuriprodiens,NA,NA,NA,NA
Xenonectriella leptaleoides,NA,NA,NA,NA
Xenonectriella lutescens,NA,NA,NA,NA
Xenonectriella physciacearum,NA,NA,NA,NA
Xenonectriella septemseptata,NA,NA,NA,NA
Xenonectriella streimannii,NA,NA,NA,NA
Xenonectriella subimperspicua,NA,NA,NA,NA
Xerotrema megalospora,NA,NA,NA,NA
Xerotrema quercicola,NA,NA,NA,NA
Xylographa parallela,32,9,7,4
Xylographa rubescens,80,8,3,NA
Xylographa trunciseda,8,4,7,1
Xylographa vitiligo,24,4,3,2
Xylopsora caradocensis,24,1,5,NA
Xylopsora friesii,9,12,10,NA
Zevadia peroccidentalis,NA,NA,NA,NA
Zhurbenkoa epicladonia,NA,NA,NA,NA
Zwackhia prosodea,NA,NA,NA,NA
Zwackhia sorediifera,NA,NA,1,NA
Zwackhia viridis,2,2,2,NA
Zwackhiomacromyces hyalosporus,NA,NA,NA,NA
Zwackhiomyces berengerianus,NA,NA,NA,NA
Zwackhiomyces coepulonus,NA,1,1,1
Zwackhiomyces dispersus,NA,NA,NA,NA
Zwackhiomyces immersae,NA,NA,NA,NA
Zwackhiomyces lacustris,NA,NA,NA,NA
Zwackhiomyces lecanorae,NA,NA,NA,NA
Zwackhiomyces lithoiceae,NA,NA,NA,NA
Zwackhiomyces martinatianus,NA,NA,NA,NA
Zwackhiomyces physciicola,NA,NA,NA,NA
Zyzygomyces aipoliae,NA,NA,NA,NA
Zyzygomyces bachmannii,27,103,17,NA
Zyzygomyces physciacearum,12,NA,NA,NA
Zyzygomyces physconiae,NA,NA,NA,NA
Zyzygomyces polyblastidii,NA,NA,NA,NA
